actual_TN_VU,actual_TP_VU,predicted_TN_VU,predicted_TP_VU
7.747667,0.028899997,7.522519,0.0350246
7.366,0.025899999,7.550284,0.03494984
7.074,0.024733335,7.313124,0.034503914
6.7516665,0.026366666,7.0017467,0.03399408
6.4133334,0.027733333,6.713904,0.033528276
6.149667,0.030099995,6.50654,0.034017675
6.017667,0.034933336,6.3600736,0.035907194
5.9813333,0.038899995,6.2650723,0.037566125
5.8936667,0.030033335,6.2035923,0.038464613
5.47,0.024233334,6.1456423,0.039290026
4.885,0.036466666,5.9913483,0.040961213
4.925667,0.039733328,5.7693653,0.043015555
4.8816667,0.039166667,5.66932,0.043689102
4.822,0.03856667,5.602488,0.044052213
4.905667,0.0441,5.5487084,0.04432869
5.0386667,0.041599996,5.5289917,0.044413
5.219,0.027766667,5.545085,0.04430358
5.463,0.0225,5.6003966,0.043970756
5.897,0.031633332,5.7162046,0.043308124
6.4336667,0.029533334,5.946288,0.04124602
6.919667,0.025533333,6.2777514,0.037415676
7.6676664,0.023733333,6.637323,0.032800853
8.237667,0.024266668,7.4650297,0.03180919
8.221,0.021533333,8.202221,0.036270708
8.039333,0.020466663,8.445625,0.039443664
7.78,0.025200002,8.383062,0.038013555
7.3323336,0.028633334,8.18853,0.035965182
6.8516665,0.027266666,7.706147,0.032400407
6.631,0.027100004,6.9123416,0.03231691
6.5136666,0.030833334,6.4925175,0.034378536
6.3156667,0.034,6.32245,0.03688533
6.0876665,0.034366667,6.1771216,0.039110392
5.8316665,0.038666666,6.010592,0.040996775
5.7623334,0.04646667,5.8515525,0.042480007
5.9483333,0.047533333,5.8035045,0.04297898
5.970333,0.057833333,5.9211884,0.042018615
5.8186665,0.0679,6.026027,0.04109975
5.88,0.037099995,6.0509005,0.04086616
6.125,0.021833338,6.0893955,0.04047849
6.4876666,0.027199998,6.185598,0.039427295
6.919,0.03136667,6.32429,0.037363723
7.159,0.031633332,6.501946,0.035022125
7.383,0.01963333,6.721269,0.033917606
7.7673335,0.08486104,6.9775643,0.032801516
8.283667,0.3100036,7.4023857,0.03302323
8.828333,0.20452721,8.069864,0.036127403
8.977333,0.109543964,8.532085,0.041389115
8.889334,0.36829132,8.68364,0.044249974
8.748667,0.08577006,8.813378,0.04658328
8.457666,0.0,8.703664,0.044250995
8.049334,0.0,8.392027,0.039389744
7.595333,0.0,7.8689404,0.03527095
7.2343335,0.0,7.2482305,0.03388693
7.0113335,0.0,6.747953,0.034536876
6.918667,0.0,6.5196548,0.035057463
6.852667,0.0,6.4321647,0.036134288
6.652,0.0,6.390561,0.036763027
6.2236667,0.0,6.334816,0.0377976
5.2803335,0.0,6.2082605,0.03972724
4.5383334,0.0,5.8748574,0.04321494
5.373,0.0,5.527715,0.04553151
5.458667,0.0,5.6666517,0.044915646
5.60605,0.0,5.8157134,0.043911003
5.769117,0.0,5.9471574,0.042754233
5.916,0.0,6.0714145,0.041503094
6.174,0.0,6.1936946,0.04024794
6.689,0.0,6.316966,0.038591966
7.33,0.0,6.509114,0.036076583
7.8286667,0.0,6.9363575,0.03167565
3.2184,0.0,7.577609,0.030814916
0.0,0.0,5.725621,0.044182062
6.0214334,0.014566667,3.8637178,0.049943678
8.3268,0.034,4.6872373,0.047468968
8.1598,0.025799997,6.124784,0.040761307
7.6446667,0.024466671,7.509239,0.03028398
6.516667,0.027733333,8.03835,0.031654254
6.06,0.029366665,7.250143,0.030074276
5.83,0.030733332,6.4841313,0.0356453
6.075667,0.03273333,6.23998,0.039081633
6.174,0.03363333,6.236762,0.039132535
6.0026665,0.033,6.2961698,0.03819164
5.7366667,0.03446666,6.278349,0.038491428
5.5556664,0.0392,6.180158,0.039873615
5.720667,0.0463,6.0701156,0.04101801
5.82,0.051633336,6.0935473,0.040779807
5.82,0.047333337,6.1600695,0.04008685
5.82,0.0388,6.19794,0.03963933
5.82,0.034266666,6.2110357,0.03944297
5.82,0.033366665,6.213725,0.039372258
5.82,0.03326667,6.212057,0.039344758
5.82,0.030166663,6.2091465,0.039324507
5.82,0.025899999,6.2045946,0.0393155
5.82,0.023633331,6.194412,0.039360873
5.82,0.022633336,6.178423,0.039438054
5.82,0.022,6.164995,0.039460637
5.82,0.022,6.151866,0.039476298
5.82,0.022,6.139327,0.03947319
5.82,0.022366665,6.1393013,0.039334342
5.82,0.023000002,6.1345134,0.039278857
5.82,0.023366667,6.1286397,0.039261907
5.82,0.02436667,6.12355,0.0392605
5.82,0.02573333,6.119243,0.039269164
5.82,0.027000003,6.115678,0.039281428
5.82,0.027000003,6.1124744,0.03929457
5.82,0.027000003,6.1096134,0.039307244
5.82,0.027366668,6.108028,0.039311282
5.82,0.029466666,6.10963,0.03928666
5.82,0.034566663,6.1190195,0.039187416
5.82,0.03863333,6.136424,0.039013244
5.82,0.035800003,6.147203,0.03890174
5.82,0.030900002,6.1568866,0.038804464
5.82,0.029,6.1646495,0.0387192
5.82,0.029,6.171917,0.03863485
5.82,0.028633334,6.1792245,0.03854415
5.82,0.0269,6.185289,0.038457282
5.82,0.023900002,6.18816,0.03838852
5.82,0.021633334,6.1876297,0.03834728
5.82,0.020999998,6.186269,0.03831733
5.82,0.020999998,6.221076,0.03774198
5.82,0.020999998,6.3185105,0.03634564
3.201,0.021733336,6.317901,0.036361285
0.0,0.022633336,6.119193,0.03923028
0.0,0.021266669,4.1883593,0.04852984
0.50786686,0.020733334,2.8395686,0.05065149
0.0,0.022366665,2.5686064,0.050497778
2.5587835,0.023366667,2.1831365,0.050729245
7.8739,0.024733335,2.8381631,0.04954204
5.725,0.026,5.0628963,0.045287356
5.725,0.026,5.596552,0.043675035
5.725,0.026,5.682487,0.043051653
5.725,0.026366666,5.672966,0.043027572
5.725,0.027000003,5.6580453,0.043071844
5.725,0.030666664,5.6611395,0.04302697
5.725,0.03773334,5.68046,0.04289604
5.725,0.0357,5.708045,0.042724438
5.725,0.028166667,5.732919,0.042575873
5.725,0.024999999,5.749033,0.042478226
5.725,0.025366664,5.7585406,0.04239493
5.725,0.02526667,5.765138,0.042339534
5.725,0.023266666,5.7689853,0.04231018
5.725,0.021633334,5.769204,0.042315215
2.385417,0.019900002,5.766576,0.04234685
0.0,0.018,3.8258085,0.047759302
2.9496,0.01873333,1.8258119,0.050875194
7.2886,0.019266665,2.5307379,0.04977656
7.0086,0.01873333,4.622259,0.04590889
6.7243333,0.020366669,5.8135233,0.04170207
6.3263335,0.021366663,6.1248693,0.038363986
5.8753333,0.022,6.0771832,0.03887649
5.465,0.02273333,5.847966,0.04123947
5.2166667,0.023999996,5.5423217,0.043319307
5.0783334,0.023999996,5.290549,0.044097215
4.8746667,0.023999996,5.1246424,0.044493824
4.391667,0.02436667,4.965645,0.044878133
3.8413334,0.02573333,4.6535835,0.045701474
3.9456666,0.027000003,4.223672,0.046786405
4.069,0.026266664,4.1247864,0.047011092
4.2116666,0.024633333,4.202756,0.04678046
4.4036665,0.023633331,4.3454895,0.046386674
4.5403333,0.022633336,4.522913,0.045911252
4.700333,0.021633334,4.6838093,0.045474455
4.9803333,0.021733336,4.837321,0.045052826
5.2986665,0.023000002,5.027725,0.044496432
5.7483335,0.022266664,5.2406263,0.043953985
6.4413333,0.020999998,5.4868135,0.043334886
7.0856667,0.020633332,5.800701,0.04154242
7.3083334,0.020000003,6.1317196,0.03803093
7.0596666,0.020000003,6.380487,0.034299307
6.583,0.020000003,6.463301,0.03323984
6.2493334,0.020000003,6.345468,0.035138994
6.074,0.020000003,6.1702724,0.037774213
5.758333,0.020366669,6.0355763,0.039219014
5.292,0.021366663,5.8772144,0.04075729
4.9476666,0.022366665,5.718853,0.04216487
4.773,0.023000002,5.5086923,0.04339543
4.5856667,0.023000002,5.329569,0.04395844
4.2766666,0.023000002,5.190292,0.04430195
4.0216665,0.023000002,5.012248,0.044724226
3.9296668,0.024099998,4.8420167,0.045096904
4.006,0.027100004,4.7294526,0.04533098
4.155,0.028633334,4.706539,0.045354806
4.248667,0.027633332,4.7518387,0.04520251
4.3746667,0.026266664,4.812273,0.045015626
4.6023335,0.024633333,4.8913608,0.044796973
4.8663335,0.023999996,5.018779,0.04448612
5.117,0.023633331,5.1907945,0.04406146
5.5603333,0.022633336,5.3895745,0.043593794
6.1206665,0.022,5.6622643,0.04245308
6.7126665,0.022,6.0250854,0.039198942
7.16,0.021633334,6.3905635,0.03409504
7.27,0.020999998,6.788048,0.0327823
7.089,0.020999998,7.160151,0.034294844
6.738,0.020266667,7.185296,0.033782437
6.437667,0.019000001,6.915726,0.033606954
6.2353334,0.020099998,6.593532,0.032336496
6.0723333,0.022,6.3776054,0.03440731
5.721667,0.02273333,6.2168093,0.03698963
5.3013334,0.02436667,5.954169,0.04001987
5.162667,0.024999999,5.6180506,0.042782366
5.1316667,0.02573333,5.425884,0.043650262
4.8193336,0.027366668,5.3608007,0.04388883
4.2833333,0.028366663,5.2331305,0.044221386
3.773,0.030466668,4.998687,0.044756807
3.1953332,0.0352,4.7849545,0.045206763
3.7996664,0.0379,4.5719023,0.045682736
3.9163334,0.0338,4.670377,0.045492224
4.0056667,0.028899997,4.7749405,0.04526875
4.11,0.027000003,4.8531456,0.045086317
4.282,0.02663333,4.92133,0.04492476
4.6056666,0.025633335,5.0034013,0.04473885
5.142667,0.024999999,5.1474648,0.044424973
5.857,0.024633333,5.416228,0.04379379
6.4453335,0.023633331,5.8510184,0.041271828
6.6436667,0.022266664,6.3074903,0.03585925
5.4779,0.020266667,6.5814724,0.032195017
0.0,0.019000001,6.2344394,0.036726683
1.5864,0.019000001,3.745225,0.046995483
7.9621334,0.019733332,3.5548902,0.047460712
7.3393335,0.021366663,4.5835915,0.045403726
5.896333,0.022,6.170495,0.037620112
5.807667,0.02273333,6.3491993,0.034855947
5.7623334,0.023999996,6.1703176,0.03747177
5.7643332,0.023999996,5.978801,0.03956099
5.656,0.023999996,5.881406,0.0405289
5.318,0.02436667,5.7967043,0.04138489
4.917,0.024999999,5.6140423,0.042626493
4.659,0.03856667,5.3608546,0.043589093
4.43,0.055033334,5.172371,0.044054076
4.337333,0.040433332,5.0540533,0.044373184
4.552,0.033066668,5.0048847,0.04451921
4.890333,0.027266666,5.082302,0.044337116
5.152,0.026,5.2385826,0.043957695
5.383333,0.026366666,5.3866143,0.0435832
5.6113334,0.02663333,5.5104074,0.043081895
5.992,0.02526667,5.61924,0.042558715
6.602,0.023266666,5.771164,0.04141015
7.142,0.022,6.0138807,0.038939424
7.370333,0.022,6.294065,0.035236925
7.2543335,0.021633334,6.542829,0.032578208
7.081333,0.020999998,6.690736,0.032275632
6.8863335,0.021366663,6.683413,0.03223829
6.622667,0.022,6.574418,0.03258262
6.325333,0.021633334,6.4108477,0.033667132
5.9513335,0.021366663,6.228391,0.036616907
5.663,0.02273333,5.944426,0.039990917
5.443333,0.02436667,5.658847,0.04251253
5.329,0.024999999,5.439904,0.04357321
5.1646667,0.025366664,5.305154,0.04394912
4.831,0.026,5.19367,0.044265687
4.5646667,0.025633335,5.0175743,0.044732183
4.334,0.026466668,4.8681216,0.04509289
4.1246667,0.032300003,4.7617874,0.04537738
4.074,0.037266664,4.698663,0.045586213
4.174,0.0338,4.6833887,0.04564643
4.37015,0.029633336,4.7442017,0.04549536
4.6659,0.028633334,4.8693113,0.045187294
5.0295334,0.027633332,5.055468,0.044792093
5.5666165,0.027000003,5.2941036,0.044334643
6.113983,0.026266664,5.6320395,0.043129146
6.399667,0.023900002,5.99518,0.04014024
6.579,0.022,6.27422,0.036689848
6.7396665,0.021633334,6.4371667,0.03403017
7.229,0.020266667,6.573373,0.03239017
8.092334,0.019000001,6.8925886,0.03249059
6.3704,0.019366667,7.6973715,0.034832083
0.0,0.020366669,6.9445677,0.032880627
0.0,0.020633332,4.1418943,0.046987742
3.7718332,0.01963333,3.1641235,0.04991415
6.5616665,0.019000001,3.6637444,0.04840927
6.857333,0.019366667,4.7456846,0.04567054
7.059,0.020000003,5.947107,0.040675193
6.9873333,0.020000003,6.5976615,0.032345243
6.806667,0.020000003,6.8265963,0.032502405
6.592,0.020000003,6.690353,0.03212093
6.3163333,0.020733334,6.4790845,0.033552423
6.120333,0.022366665,6.2922406,0.036385566
6.2906666,0.022633336,6.1261306,0.038785517
6.649317,0.021633334,6.1317935,0.038775593
6.8717833,0.020999998,6.285632,0.036569506
6.9323835,0.020633332,6.4270954,0.034275025
7.0768332,0.020000003,6.5149083,0.033522032
7.454,0.020366669,6.595519,0.032721654
8.0373335,0.020999998,6.811756,0.033339806
8.694667,0.020633332,7.324907,0.03356964
9.328333,0.020000003,7.9749966,0.037694663
9.868,0.020000003,8.499003,0.045617573
9.975333,0.020366669,8.891376,0.053688377
9.639334,0.020633332,9.085869,0.05760346
9.18,0.020366669,9.050928,0.054351516
8.668667,0.020999998,8.840285,0.047750063
8.086667,0.020999998,8.441225,0.039832674
7.808,0.021733336,7.581049,0.032850847
7.800667,0.023000002,6.737905,0.03357029
7.414,0.023000002,6.521176,0.034491397
7.0313334,0.023000002,6.3104324,0.03761313
7.1973333,0.023366667,6.026299,0.04134535
7.327,0.02436667,6.0574017,0.04113598
7.2033334,0.024999999,6.2294955,0.039286405
7.1183333,0.026466668,6.299544,0.038357913
7.055333,0.029733337,6.3375883,0.037909925
6.615667,0.030266665,6.370759,0.037472896
6.0556664,0.027900003,6.268608,0.039138943
6.12,0.025633335,5.9848723,0.04243791
6.5816665,0.024999999,5.9463387,0.0429193
7.0096664,0.025366664,6.202985,0.040303715
7.3446665,0.026,6.477287,0.036532067
7.3806667,0.026366666,6.832805,0.032553963
7.734,0.027000003,7.08089,0.03063725
8.701333,0.026266664,7.4518285,0.029925272
8.745334,0.024633333,8.144492,0.032472275
9.076,0.023633331,8.469377,0.035133682
9.318666,0.023000002,8.693578,0.037842594
9.128667,0.023000002,8.854891,0.04035908
8.872,0.023000002,8.837685,0.040083647
8.657333,0.023000002,8.752248,0.040192574
8.358,0.023000002,8.606089,0.039794244
8.053,0.023366667,8.351269,0.037279665
7.6283336,0.023633331,8.06588,0.035106763
7.1187167,0.023366667,7.7160125,0.033489518
6.9853334,0.02436667,7.3060155,0.0331448
6.9566665,0.024999999,7.0442734,0.03317809
6.8883333,0.024999999,6.9540315,0.033618234
6.805333,0.024999999,6.9048767,0.034058988
6.5033336,0.026100002,6.8718953,0.034323215
6.2626667,0.028366663,6.7832646,0.035536155
6.2073336,0.028633334,6.693107,0.035589896
6.419,0.027633332,6.6491327,0.035940893
6.773,0.027000003,6.6788216,0.035668164
7.1503334,0.027000003,6.8102393,0.034843512
7.586,0.027366668,7.0239687,0.032050602
7.8233333,0.028000005,7.389624,0.031280674
8.183,0.028000005,7.6592593,0.031589434
9.291,0.0269,7.908226,0.032279365
9.447667,0.024633333,8.369285,0.03581646
9.392667,0.023999996,8.611184,0.039137617
8.869333,0.023999996,8.69602,0.04086815
8.414333,0.023999996,8.587535,0.039568417
8.216333,0.023999996,8.350046,0.037141316
8.103666,0.023999996,8.140093,0.035599157
7.8083334,0.02436667,7.9837065,0.034636326
7.2773333,0.024999999,7.7819138,0.03373377
6.9966664,0.025366664,7.4559336,0.03325738
6.7803335,0.026,7.157459,0.033049352
6.547,0.026,6.950029,0.033590376
6.4523335,0.026366666,6.787072,0.035355583
6.1506667,0.027366668,6.6847816,0.035478465
5.708667,0.029833332,6.57486,0.036405794
5.4223332,0.033366665,6.4239087,0.037821196
5.325,0.032899998,6.30011,0.039769493
5.576667,0.030266665,6.2209396,0.040807016
5.9006667,0.028633334,6.2570877,0.040414974
6.080333,0.028000005,6.3466554,0.03902276
6.48,0.028366663,6.4420843,0.037626497
6.967,0.029366665,6.597575,0.035992593
7.2733335,0.029633336,6.86546,0.0331029
7.6646667,0.028633334,7.1870847,0.03068848
8.367333,0.027633332,7.553996,0.030655377
8.896667,0.026266664,7.9824777,0.03205587
9.062333,0.024633333,8.3955,0.035643496
9.211333,0.023999996,8.626213,0.038739033
9.0963335,0.023999996,8.770318,0.041317664
8.743333,0.023999996,8.798422,0.041946337
8.365666,0.02436667,8.670967,0.040220432
7.898667,0.025366664,8.423541,0.0374515
7.4816666,0.0414,7.9976287,0.034353808
7.0396667,0.055533335,7.5362077,0.033091754
6.674667,0.032899998,7.0221214,0.033220634
6.4873333,0.030633338,6.683661,0.035092257
6.306,0.030000001,6.521064,0.036429994
6.045,0.031099997,6.4206457,0.0374451
6.018,0.03373333,6.3253007,0.038969137
6.6446667,0.035733335,6.2815585,0.039662063
7.528,0.03773334,6.4163904,0.037592456
7.279,0.0379,6.8201866,0.03410679
7.0233335,0.034900002,7.0500174,0.031991243
7.0993333,0.03226667,7.024074,0.0319542
7.061333,0.03283333,7.041922,0.031804852
7.076667,0.041866668,7.050172,0.031756967
7.681,0.045766667,7.0778513,0.031701803
8.312667,0.033533335,7.4477077,0.031428874
8.779,0.029533334,7.9209237,0.03252206
7.5733333,0.022299998,8.320866,0.035672523
0.0,0.009966664,7.906795,0.032952033
5.9418,0.027833335,4.560856,0.05002203
9.777667,0.0321,5.136775,0.04773111
9.600333,0.034366667,6.4782596,0.036608987
9.19525,0.03463333,8.165137,0.03539384
8.615,0.034366667,8.77177,0.04217752
8.167334,0.03683334,8.684477,0.040505923
8.122334,0.04146667,8.314195,0.03555075
8.215333,0.045833334,8.035103,0.03334721
8.077333,0.050466664,7.9650016,0.03292433
7.653,0.052633338,7.855015,0.03238987
7.307667,0.050900005,7.5157614,0.031690396
6.704,0.058151685,7.065704,0.031944804
5.820667,0.0716568,6.639747,0.035273403
6.167333,0.051800005,6.3021336,0.039474733
6.3746667,0.045433335,6.296707,0.039687566
6.4076667,0.039899997,6.364494,0.038596883
6.629,0.037266664,6.416507,0.037744775
6.9873333,0.036733337,6.4984565,0.036900774
7.457667,0.038733333,6.631959,0.03560111
8.041,0.038533337,6.859301,0.033295847
8.673667,0.03416667,7.237277,0.03164058
9.374666,0.0299,7.6914887,0.032451488
9.884334,0.028000005,8.117812,0.035317004
10.079667,0.028000005,8.499213,0.039570443
10.176333,0.029466666,8.746811,0.04343596
9.927333,0.0331,8.924122,0.045933522
9.260333,0.034266666,8.950014,0.045827694
8.711,0.033,8.737836,0.042224117
8.345667,0.03446666,8.382271,0.037500724
8.024333,0.037366666,7.9586687,0.034078002
7.991,0.037266664,7.5724373,0.032877654
8.010333,0.036,7.3658047,0.03269667
7.892667,0.036366664,7.301652,0.032665744
7.7103333,0.037,7.231715,0.032538928
7.39,0.037,7.1265106,0.032462627
7.1266665,0.040666662,6.967068,0.03293036
7.1613336,0.059466667,6.8301096,0.034551136
7.187333,0.06706667,6.806107,0.034873433
7.155,0.0419,6.8318844,0.034440055
7.3023334,0.038533337,6.8446813,0.03417386
7.536667,0.035266668,6.924519,0.032929033
7.786,0.034366667,7.1026225,0.03149432
8.202333,0.03536666,7.388346,0.031158924
8.824667,0.03453333,7.7461123,0.031626984
9.548667,0.030166663,8.231044,0.033930495
10.427667,0.026266664,8.734049,0.03938108
11.144333,0.024999999,9.189505,0.046928734
11.538,0.024999999,9.57255,0.05497665
11.733666,0.024999999,9.833747,0.06112706
11.516666,0.024633333,10.020191,0.06538844
10.943666,0.024733335,10.050091,0.06543727
10.476,0.026366666,9.936926,0.06212592
10.128667,0.027000003,9.725323,0.057742685
9.737,0.027000003,9.493032,0.053632393
9.423333,0.027000003,9.237417,0.04924272
9.237333,0.027000003,8.98725,0.04551494
9.073334,0.027366668,8.781672,0.042903796
8.901,0.028000005,8.630036,0.040744424
8.624333,0.028366663,8.509168,0.03891614
8.2,0.030833334,8.361085,0.03697154
7.7426667,0.035833336,8.132149,0.03472133
7.543,0.037533335,7.8827252,0.03329608
7.445,0.033533335,7.7274904,0.032705836
7.4613333,0.030633338,7.660742,0.032354563
7.7456665,0.030733332,7.686775,0.03219665
8.118667,0.033466667,7.868206,0.03228131
8.468333,0.036,8.176475,0.03316497
8.914667,0.03416667,8.547862,0.036129035
9.69,0.029533334,8.929339,0.04030446
10.424,0.026266664,9.318064,0.046127386
10.956,0.024633333,9.67863,0.053033754
11.289333,0.023999996,9.929257,0.058590878
11.124666,0.023999996,10.075523,0.06249686
10.710667,0.023999996,10.088213,0.06314204
10.445,0.023999996,9.9870825,0.061068855
10.176333,0.024733335,9.858556,0.058720876
9.798667,0.026733331,9.717176,0.056371078
9.437,0.028000005,9.535516,0.053302363
9.261666,0.028366663,9.335321,0.049805522
9.248667,0.029366665,9.185935,0.047211997
9.213333,0.030366667,9.109493,0.04590767
8.936334,0.030999996,9.073942,0.045160048
8.501667,0.030999996,8.976175,0.04357767
8.25,0.031733334,8.779632,0.040800937
8.279667,0.0374,8.603389,0.038362563
8.159,0.045733333,8.564258,0.03771054
7.9026666,0.04333333,8.543833,0.037235156
8.098666,0.03553333,8.459849,0.036102675
8.578333,0.031899996,8.522448,0.03650246
8.990334,0.030733332,8.79296,0.039272413
9.287666,0.033466667,9.106187,0.04297807
9.639334,0.035266668,9.340367,0.046585947
10.363,0.032166667,9.554465,0.050647654
7.6632333,0.027900003,9.822147,0.056200013
0.0,0.026,9.097488,0.042946786
3.63645,0.025633335,4.9106693,0.054621905
8.255333,0.024999999,4.9795094,0.052037634
8.742333,0.025366664,6.4581294,0.03961268
8.916667,0.026,7.8405104,0.031613372
8.632334,0.026,8.658695,0.03722187
8.386333,0.026,8.808252,0.038662083
8.116667,0.026366666,8.712033,0.03716801
7.8193336,0.027366668,8.520554,0.034877196
7.530667,0.028366663,8.292249,0.032733157
7.3413334,0.029366665,8.060725,0.03125851
7.292,0.030000001,7.8699393,0.030954443
6.845,0.033300005,7.7579427,0.030867659
5.9083333,0.043399997,7.465599,0.030380778
5.8886666,0.048433334,6.841111,0.03493371
5.766333,0.040333338,6.6357427,0.03670132
5.541333,0.03326667,6.5401564,0.037619174
5.308,0.031999998,6.443363,0.038833424
5.3163333,0.031633332,6.338703,0.040514246
5.5536666,0.030999996,6.29302,0.041170068
5.8766665,0.03136667,6.338807,0.04032313
6.32,0.031266667,6.4587817,0.038317025
6.9743333,0.028899997,6.669002,0.036073565
7.692333,0.027000003,7.103571,0.030146323
8.264667,0.027000003,7.7546997,0.029920384
8.525666,0.02663333,8.205797,0.031788133
8.327333,0.025633335,8.386585,0.034010477
8.004666,0.024999999,8.312222,0.03391862
7.615667,0.024999999,8.096085,0.032481454
7.1713333,0.024999999,7.7925935,0.031078212
6.858333,0.025366664,7.4108562,0.030307129
6.596667,0.026733331,7.0163846,0.031200647
6.372,0.028366663,6.759223,0.034305736
6.1653333,0.029366665,6.5801897,0.035972387
5.855,0.030366667,6.440617,0.037432045
5.4796667,0.031733334,6.2990036,0.03962665
5.177,0.034833334,6.0968695,0.04197362
4.8776665,0.053400002,5.892353,0.04406771
4.738,0.06936666,5.6877265,0.045530103
4.998,0.0488,5.5395966,0.046237238
5.319667,0.0428,5.5593734,0.04600908
5.450667,0.03863333,5.695169,0.045125306
5.6893334,0.037266664,5.816305,0.04411319
5.904333,0.037099995,5.9538584,0.04274986
5.8906665,0.03936667,6.0895033,0.041185446
6.283,0.038166665,6.147198,0.040449597
7.021,0.0339,6.286729,0.038486242
7.6323333,0.030900002,6.556463,0.03493695
8.104667,0.027900003,7.1282835,0.030750237
8.419,0.026,7.6446853,0.031869046
8.632334,0.026,8.060046,0.034119777
8.739667,0.026366666,8.3556595,0.03676743
8.781333,0.027366668,8.517281,0.038893677
8.687,0.028366663,8.598071,0.040387757
8.446667,0.029733337,8.59112,0.040429585
8.124,0.0321,8.46784,0.038814962
7.811333,0.035100006,8.182258,0.036392935
7.486,0.038099997,7.74702,0.033741653
7.2873335,0.04,7.238315,0.033455648
7.0286665,0.039633334,6.848565,0.033971526
6.641,0.039733328,6.582093,0.034796514
5.791333,0.044299997,6.3857646,0.03676953
4.4873333,0.05256667,6.0480623,0.041294724
5.1063333,0.055533335,5.483144,0.045516185
5.733,0.0497,5.4720573,0.045682773
5.8113165,0.0418,5.705573,0.044531554
5.7376,0.0369,5.884655,0.04316576
5.8046665,0.035000004,5.9548507,0.0425227
6.011667,0.03463333,6.0150447,0.04191202
6.374,0.032166667,6.1304145,0.040740833
6.9696665,0.027900003,6.318373,0.038359024
7.6883335,0.025633335,6.6195965,0.03475482
8.151334,0.024633333,7.397149,0.030782647
8.31,0.023999996,8.095062,0.033002727
8.310667,0.023999996,8.431241,0.035781823
8.198667,0.023999996,8.529706,0.03717272
7.9933333,0.023999996,8.482973,0.036819182
7.703,0.0251,8.315873,0.03530653
7.3663335,0.028099999,7.9896665,0.033125207
7.0136666,0.030000001,7.4991994,0.031853467
6.777,0.030000001,6.9026957,0.032491244
6.8433332,0.030366667,6.552644,0.035199203
6.9636664,0.030999996,6.480902,0.035968557
6.734,0.030999996,6.51415,0.035729818
6.3213334,0.03136667,6.4640026,0.036338292
6.048333,0.0331,6.3280406,0.03827843
5.7283335,0.03463333,6.2078824,0.03999821
5.33,0.03326667,6.0808024,0.041416258
5.249,0.03236667,5.941251,0.042877413
5.3626666,0.033,5.8851666,0.043441057
5.4203334,0.031899996,5.9246993,0.043107547
5.474,0.030000001,5.9808235,0.042546153
5.7533336,0.030000001,6.0362453,0.04197663
6.2683334,0.029266663,6.1583467,0.040734418
6.998667,0.0269,6.3398323,0.038335636
7.811333,0.024633333,6.608963,0.035114773
8.364,0.023633331,7.1471124,0.03127791
8.640667,0.023366667,7.742251,0.0318204
8.669,0.023999996,8.129526,0.03447575
8.424,0.02436667,8.344051,0.036522463
8.004,0.025366664,8.337688,0.036572337
7.5316668,0.026366666,8.099524,0.0347877
7.0043335,0.027000003,7.6715226,0.032769732
6.6386666,0.027000003,7.056107,0.032909535
6.498667,0.027000003,6.6155157,0.034518786
6.4416666,0.027366668,6.4504776,0.036036737
6.2873335,0.028000005,6.3739667,0.03705907
5.9436665,0.028000005,6.2978563,0.03823208
5.1736665,0.028733335,6.1626472,0.040139854
4.25,0.0344,5.8572407,0.04319179
4.059,0.0431,5.462841,0.04566852
4.049333,0.041333333,5.307705,0.046208076
4.2906666,0.033533335,5.2113495,0.046391986
4.558,0.030266665,5.2071357,0.04638712
4.895,0.028633334,5.2877574,0.04624752
5.255,0.028000005,5.4501696,0.045814
5.636,0.028366663,5.66816,0.044677712
6.1536665,0.028266668,5.9247274,0.042641647
7.1636667,0.06610259,6.22992,0.039472334
8.441,0.16767244,6.684095,0.033484787
8.551,0.16799998,7.952558,0.031699993
8.498333,0.11593334,8.560686,0.037738338
8.203333,0.025633335,8.708162,0.040775634
8.034,0.024999999,8.558399,0.037912995
7.7856665,0.024999999,8.341963,0.035219006
7.238,0.024999999,8.055681,0.033278316
6.79,0.025366664,7.384137,0.031411014
6.498667,0.026,6.6418247,0.033595286
6.2903333,0.025633335,6.3257217,0.037371702
6.121,0.024633333,6.1014934,0.040407255
5.8386664,0.024733335,5.9259434,0.042188473
5.338333,0.026366666,5.729789,0.043836452
4.871,0.027000003,5.43537,0.045344584
4.827,0.028466664,5.146321,0.04592634
4.8176665,0.03136667,5.037111,0.046150796
4.7083335,0.030533336,5.0191054,0.046214856
4.8563333,0.027266666,5.006443,0.046255894
5.148383,0.026,5.0815954,0.04614406
5.3721333,0.026366666,5.272065,0.04588204
5.575,0.027733333,5.505945,0.045222946
5.8646665,0.029,5.7438335,0.043843918
6.1323333,0.028266668,6.0126357,0.041519895
6.5786667,0.02663333,6.2612286,0.038692713
7.4843335,0.025633335,6.5150676,0.035165124
8.351334,0.024633333,7.3765717,0.030046329
8.703333,0.023999996,8.353924,0.034678906
8.681,0.024733335,8.755695,0.041890837
8.423,0.025633335,8.875379,0.045083404
7.9663334,0.024999999,8.795374,0.04327219
7.4393334,0.024999999,8.513616,0.03761276
6.978667,0.024999999,7.8625107,0.0319781
6.615,0.025366664,6.8541403,0.032112196
6.465667,0.026,6.3308473,0.03696026
6.3823333,0.026,6.0678463,0.040496744
6.022,0.026,5.9184694,0.04198268
5.4686666,0.026366666,5.6885324,0.04389526
5.133333,0.029200003,5.344204,0.045365512
4.942,0.035933338,5.128167,0.045805134
4.7173333,0.04063333,5.0580974,0.04601422
4.536667,0.037433334,5.0243917,0.046141997
4.5043335,0.031899996,5.006898,0.04621841
4.742,0.029633336,5.0267777,0.046207495
5.1623335,0.028633334,5.1449137,0.046029262
5.6246667,0.029466666,5.386733,0.045657508
5.955333,0.0331,5.717734,0.044025846
6.1643333,0.033533335,6.0494943,0.0411567
6.64,0.029533334,6.2918863,0.038203046
7.486,0.02663333,6.547108,0.03489823
8.242666,0.025633335,7.3462796,0.030414991
8.577666,0.024999999,8.257885,0.034220397
8.409333,0.024999999,8.670363,0.04042083
8.024,0.02573333,8.737971,0.042222343
7.597,0.027366668,8.57237,0.039047062
7.245,0.027633332,8.173756,0.034564972
6.8523335,0.027000003,7.5191884,0.031641394
6.4876666,0.027000003,6.750432,0.033050276
6.3486667,0.027000003,6.3381343,0.03682982
6.1563334,0.027000003,6.1183314,0.039959446
6.007,0.027366668,5.9327235,0.041850246
5.777,0.028366663,5.8044286,0.043055385
5.345667,0.028633334,5.6820307,0.044003904
5.099,0.028366663,5.4865155,0.045053326
5.085,0.030099995,5.352378,0.04553376
5.016333,0.031999998,5.3403735,0.04561668
4.961,0.030900002,5.3627777,0.045633137
5.092167,0.028266668,5.388539,0.04558567
5.364967,0.02663333,5.4718466,0.045311764
5.7062836,0.026733331,5.6358423,0.044469975
6.0466666,0.028366663,5.87163,0.04274427
6.2236667,0.028633334,6.1297073,0.040265284
6.3863335,0.027633332,6.3134418,0.037750594
6.884333,0.027000003,6.4387913,0.03589151
7.5893335,0.027000003,6.718024,0.033074312
8.045667,0.02663333,7.3896494,0.03124448
8.134666,0.026,8.024119,0.033761613
8.031,0.027100004,8.306155,0.036396906
7.7403336,0.029366665,8.3428135,0.037077434
7.346,0.028899997,8.1550045,0.035607822
7.016333,0.027366668,7.691722,0.03264617
6.6386666,0.028000005,7.061839,0.032404654
6.272333,0.027633332,6.551947,0.0340553
6.2056665,0.027366668,6.2682915,0.037943788
6.0913334,0.03863333,6.105336,0.040071294
5.873667,0.042333335,6.0079856,0.04117164
5.6506667,0.017733335,5.9060793,0.042156428
5.3826666,0.019733332,5.7912984,0.04323321
5.409,0.024666667,5.676944,0.04408101
5.53,0.03356666,5.687656,0.044079497
5.4068,0.0347,5.7893796,0.043394648
5.312333,0.027900003,5.8386455,0.04298278
5.611,0.025633335,5.8527617,0.04286343
6.0403333,0.0382,5.956054,0.04195676
6.4616666,0.049266666,6.1392603,0.040093184
6.9213333,0.029366665,6.3398995,0.03725571
7.4536667,0.03146667,6.549713,0.034739837
8.081667,0.031433336,6.953251,0.032269023
8.694667,0.040933333,7.585118,0.03266129
9.082,0.06646667,8.204718,0.03664002
9.25,0.043700002,8.613483,0.042510487
9.212,0.011,8.848318,0.047154598
8.940666,0.019733332,8.919386,0.048306964
8.525,0.010799997,8.846512,0.046350196
8.047667,0.026366666,8.609526,0.04198394
7.511667,0.027733333,8.180703,0.037089445
7.076667,0.032300003,7.398419,0.033702344
6.9853334,0.036533333,6.691906,0.034312688
6.8766665,0.030333333,6.485578,0.03530246
6.5123334,0.028033331,6.3995037,0.03634397
5.8046665,0.02216667,6.273056,0.038438074
4.905,0.027455144,5.9949636,0.041831307
4.9526668,0.08850374,5.6235437,0.044822514
5.1703334,0.0688,5.536339,0.045348004
5.733333,0.04116667,5.5933185,0.04512266
6.2595334,0.027499996,5.8139367,0.043774053
6.573867,0.050800003,6.10034,0.041056767
6.8607,0.02403333,6.3521833,0.03785731
6.9877667,0.048533328,6.5694165,0.035331577
7.0862164,0.03316667,6.8226404,0.032904655
7.56785,0.013566665,7.0311303,0.03167844
8.320283,0.03926667,7.488193,0.03104692
9.05235,0.055466667,8.177108,0.033734836
9.534,0.01963333,8.791805,0.04087515
9.66,0.020833336,9.127178,0.04747498
9.439,0.028399996,9.2786045,0.05125066
9.077333,0.034900002,9.260693,0.050708897
8.6883335,0.028233334,9.104679,0.047071345
8.159,0.017799996,8.822315,0.042274848
7.7586665,0.015466668,8.272906,0.035871223
7.634,0.020566665,7.5558267,0.032720342
7.619,0.027566664,7.064683,0.033117756
7.335,0.029799998,6.9105334,0.033540823
6.7586665,0.024166666,6.7125196,0.035065055
6.304,0.022833332,6.439143,0.03707066
5.9346666,0.027466662,6.231503,0.04000643
5.6566668,0.032566667,6.0433397,0.04216192
5.4813333,0.035166666,5.9178796,0.043509766
5.289117,0.031633332,5.84874,0.044245698
5.310517,0.030266665,5.7917705,0.044715434
5.5191,0.026066668,5.8102126,0.044612423
5.8473,0.029433332,5.9145293,0.043700576
6.2724166,0.040699996,6.10267,0.041811623
6.734,0.03463333,6.346748,0.03880927
7.207,0.03363333,6.64824,0.035360523
7.902,0.0286,7.1502748,0.030204639
8.708667,0.020999998,7.887724,0.03046155
9.205334,0.020999998,8.553205,0.03538786
9.309,0.019900002,8.955483,0.041599862
9.415334,0.03193333,9.130781,0.04532779
6.6911836,0.035466664,9.211859,0.047460504
2.1844664,0.005599998,7.8605886,0.031410776
9.362,0.028000005,4.844228,0.046910413
9.386666,0.029833332,6.1815233,0.0403689
9.308333,0.034100004,8.006006,0.034205317
8.922667,0.0316,8.967355,0.04513275
8.601,0.02216667,9.025351,0.045660473
8.388667,0.019366667,8.78817,0.041469157
8.149333,0.022199996,8.476368,0.036999866
7.8216667,0.04213334,8.112213,0.03403209
7.257,0.046899997,7.725343,0.03231088
6.9756665,0.021666668,7.168123,0.032089874
6.9959664,0.045533337,6.8255334,0.03411095
7.102,0.040799998,6.754062,0.03518776
7.443333,0.03406667,6.7969227,0.034687944
7.94,0.029733337,6.962714,0.032862708
8.395333,0.062060196,7.325947,0.032224
8.759334,0.105706915,7.7599688,0.03280825
9.421667,0.05483333,8.173643,0.035111636
10.396334,0.06306667,8.584557,0.03959495
11.143666,0.041933335,9.00515,0.046540514
11.331667,0.059466667,9.352079,0.05424153
11.107333,0.05973333,9.563938,0.059578925
9.891,0.05017791,9.630958,0.06031833
7.8433332,0.07640606,9.338546,0.052539513
8.369,0.0,8.342036,0.03736981
9.511,0.0,7.9216166,0.034445003
9.505,0.030600004,8.282139,0.03772326
9.498333,0.047416665,8.505915,0.040254205
9.551,0.041,8.628507,0.041797586
9.455334,0.03926667,8.712813,0.04270514
9.093333,0.037266664,8.725263,0.04253616
8.704,0.036733337,8.59227,0.04027141
8.335333,0.051933333,8.355411,0.037067518
7.9336667,0.08404222,8.097087,0.03453081
7.404667,0.10049545,7.8467684,0.03304319
7.032,0.06960377,7.5664754,0.03233113
7.1243334,0.037099995,7.3238864,0.031943873
7.5993333,0.0511,7.282769,0.031761624
8.178333,0.045966662,7.4649987,0.03183513
8.563,0.016766667,7.7734857,0.032298297
8.766,0.08254776,8.061456,0.032923363
9.1,0.11557763,8.332708,0.03507314
9.782666,0.00046666712,8.60844,0.038045585
10.619,0.0,8.884437,0.041773908
11.313666,0.024666667,9.196993,0.046979405
11.522667,0.027199998,9.525711,0.053626195
11.126667,0.031999998,9.788219,0.05924465
10.567333,0.0331,9.8443365,0.060094133
10.150666,0.03463333,9.712815,0.057082266
9.7543335,0.021533333,9.563195,0.054117613
9.273666,0.022,9.358945,0.0503923
8.974667,0.046799995,9.137594,0.046555012
8.826667,0.022533335,8.92496,0.04361222
8.581,0.028800003,8.766097,0.041395627
8.346,0.04546667,8.616158,0.03923793
8.044,0.046899997,8.475241,0.03744381
7.6,0.028499998,8.309582,0.035613246
7.2826667,0.009166665,8.05854,0.03347946
7.2466664,0.03453333,7.826918,0.03254264
7.340667,0.051733337,7.738637,0.03216502
7.5042167,0.050066665,7.774454,0.032023147
7.579933,0.053433336,7.893615,0.03201337
7.888167,0.0713,8.013315,0.032119296
8.209383,0.077366665,8.237409,0.033042453
8.177333,0.07506666,8.522279,0.035386525
8.260333,0.058266662,8.649042,0.03671027
9.296667,0.0369,8.697866,0.03731753
11.047334,0.033533335,9.00514,0.041385844
11.043333,0.0005166605,9.474827,0.050071135
10.736667,0.01625,9.707942,0.055224575
10.3376665,0.04106667,9.78313,0.05704987
10.086,0.043000005,9.73052,0.056053378
9.585667,0.0595,9.630828,0.054198965
9.023666,0.0617,9.448238,0.05089362
8.679,0.056,9.181642,0.046272546
8.611,0.060766667,8.892759,0.042331547
8.592334,0.06973334,8.710108,0.04011991
8.349,0.0699,8.621339,0.038970314
8.021667,0.06396667,8.498536,0.037505426
7.7526665,0.056266665,8.316206,0.035577424
7.5563335,0.061233334,8.110628,0.03379915
7.149,0.066133335,7.9403305,0.032860756
6.632,0.053433336,7.7037573,0.032226056
6.7106166,0.045333333,7.3614564,0.031603903
7.2176666,0.0357,7.256559,0.03134463
7.465,0.039533332,7.473757,0.031369977
7.692333,0.057100005,7.7562017,0.031499743
8.138667,0.0634,8.044828,0.031789333
8.325,0.060366668,8.449228,0.034207612
8.377,0.04163333,8.744164,0.03720524
8.8706665,0.039899997,8.854348,0.03860707
9.561,0.037266664,9.032987,0.04118838
10.0373335,0.036366664,9.249014,0.045320548
10.148334,0.03773334,9.393419,0.0487985
10.018666,0.039733328,9.4265,0.050179772
9.673,0.041,9.37779,0.049710363
8.882,0.042466663,9.255114,0.04772315
7.9063334,0.043166667,8.977788,0.04344164
8.077333,0.040366672,8.471241,0.03731043
8.089334,0.04063333,8.2542515,0.035371505
7.524,0.041100003,8.157572,0.03460882
7.028,0.044466667,7.9188967,0.03327042
6.9296665,0.046266668,7.6038017,0.032483086
6.592,0.045,7.3841186,0.0320805
6.23315,0.045,7.1307535,0.031924814
6.291,0.045,6.917358,0.034591347
6.557,0.045,6.8365173,0.035709105
6.5,0.045,6.892783,0.034811787
6.5216665,0.045,6.92371,0.034204923
6.9156666,0.045,6.9557705,0.033570983
7.107,0.045,7.1486893,0.030877478
7.2473,0.045,7.410858,0.030492686
7.39765,0.045,7.6309114,0.030606598
7.67865,0.045,7.8217053,0.030770652
8.3904,0.045,8.035706,0.031128228
9.1771,0.045,8.422983,0.033951506
9.6641,0.045,8.774352,0.038543597
9.767,0.045,8.989988,0.042447917
9.54565,0.045,9.0789,0.044630945
9.22725,0.045,9.052626,0.044522613
8.69235,0.045,8.934663,0.042971924
8.06465,0.045,8.687055,0.03976524
7.73885,0.045,8.28613,0.035687104
7.57795,0.045,7.914157,0.03335242
7.36485,0.045,7.665209,0.03283488
7.0465,0.045,7.452466,0.032665893
6.67045,0.045,7.201856,0.032612726
6.4187,0.045,6.9403267,0.03382708
5.7543,0.045,6.751011,0.0356431
4.84905,0.045,6.5145245,0.037360743
5.3663,0.045,6.2182145,0.04131993
5.83275,0.045,6.184878,0.04170402
6.00515,0.045,6.2953787,0.040343903
6.19125,0.045,6.3956046,0.038709044
6.42035,0.045,6.503763,0.03742171
6.6248,0.045,6.6427956,0.035975218
6.9393,0.045,6.812606,0.034201004
7.41965,0.045,7.079149,0.030653752
7.9622,0.045,7.54717,0.029847942
8.4532,0.038999997,8.010725,0.030993983
8.8646,0.0,8.383963,0.033978127
8.97205,0.0,8.594575,0.036696546
7.5608335,0.0,8.685237,0.03847301
0.0,0.0,8.11095,0.03341107
0.0,0.0,4.4907737,0.049788363
0.0,0.0,3.226289,0.052938722
0.0,0.0,2.7418532,0.052539058
0.0,0.0,2.5173535,0.051992774
0.0,0.0,2.3618011,0.051567636
0.0,0.0,2.2413268,0.051308
0.0,0.0,2.14078,0.051132075
0.0,0.0,2.053555,0.050998293
0.0,0.0,1.9757562,0.05096636
0.0,0.0,1.9044724,0.05095364
0.0,0.0,1.8369918,0.050962932
0.0,0.0,1.7716651,0.050997704
0.0,0.0,1.7075338,0.05105751
0.0,0.0,1.6439762,0.051122785
0.0,0.0,1.5805364,0.05119145
0.0,0.0,1.5171442,0.051263154
0.0,0.0,1.4539013,0.051336564
0.0,0.0,1.3912039,0.051409714
0.0,0.0,1.3297977,0.05147983
0.0,0.0,1.2709332,0.05154305
0.0,0.0,1.2154055,0.051597305
0.0,0.0,1.1634612,0.051642656
0.0,0.0,1.1150732,0.05168014
0.0,0.0,1.0700212,0.051711284
0.17058372,0.0,1.0280814,0.051737286
10.229533,0.0,1.006886,0.05172845
1.1845169,0.0,2.8998022,0.04938454
0.81550026,0.0,1.7497253,0.050561823
6.99,0.0,1.2285609,0.05126065
6.486,0.0,2.9844198,0.04889778
5.2098,0.0,5.9986396,0.043810688
4.5059,0.0,6.135612,0.042072095
4.2684,0.0,5.0971937,0.046614066
4.0333,0.0,4.037139,0.047572218
3.667,0.0,3.288063,0.048173502
3.2163334,0.0,2.6984758,0.048787802
3.549,0.0,2.1783252,0.049610652
4.023,0.0,2.201517,0.04956097
4.398667,0.0,2.56709,0.048951782
4.648667,0.0,3.0655594,0.04825124
4.8286667,0.0,3.5117614,0.047767244
5.2776666,0.0,3.8190706,0.047410846
6.209,0.0,4.2008653,0.04691367
7.154,0.0,4.823463,0.04558689
7.7343335,0.0,5.499484,0.04366394
7.7473335,0.0,6.138301,0.038877368
7.2803335,0.0,6.5134816,0.03254591
6.800667,0.0,6.459367,0.03433898
6.2993,0.0,6.136477,0.040166438
5.8528,0.0,5.3915114,0.044489175
5.6831,0.0,4.504384,0.04626921
5.61965,0.0,3.9408321,0.046998568
5.54075,0.0,3.7201426,0.047237344
5.44755,0.0,3.6522768,0.047351643
5.23375,0.0,3.6292737,0.047408
4.60465,0.0,3.5293522,0.047540724
3.8070998,0.0,3.1111572,0.04813434
3.52725,0.0,2.596027,0.048956394
3.2728498,0.0,2.433166,0.049226016
3.3323333,0.0,2.401122,0.049294688
3.6416667,0.0,2.5074162,0.04913389
3.9763334,0.0,2.7670674,0.048722304
4.232333,0.0,3.1457796,0.048121557
4.533,0.0,3.5663805,0.047469392
4.8556666,0.0,4.034232,0.04691364
5.6373334,0.0,4.512351,0.0457882
6.955333,0.0,5.3065734,0.04410217
7.409333,0.0,6.4347754,0.03406211
7.7733335,0.0,7.4488597,0.028127812
7.6773334,0.0,7.972423,0.03202401
7.4206667,0.0,8.078779,0.03379096
7.02,0.0,7.9145436,0.032207914
6.5186667,0.0,7.490148,0.030323803
6.1991,0.0,6.711974,0.031820722
5.9824,0.0,6.2318172,0.036940522
5.6822,0.0,5.900926,0.040585473
5.45715,0.0,5.6357384,0.042870104
5.31965,0.0,5.340351,0.04395798
4.975,0.0,5.1556053,0.04436653
4.42425,0.0,4.935426,0.044859573
3.8684998,0.0,4.6308575,0.045519106
3.5558498,0.0,4.353645,0.046189032
3.3122997,0.0,4.20959,0.046548128
3.0063334,0.0,4.142088,0.04672183
2.9636667,0.0,4.0841446,0.046856247
3.2133331,0.0,4.0638885,0.046892934
3.5616665,0.0,4.1237917,0.046747684
3.935,0.0,4.256697,0.046445712
4.2103333,0.0,4.446499,0.046027876
5.025,0.0,4.6594,0.045534715
6.4886665,0.0,5.1257706,0.044569872
6.234667,0.0,6.190248,0.038030997
0.0,0.0,6.612593,0.031565875
3.7229166,0.0,3.380045,0.047474958
8.843166,0.0,3.6196327,0.04711414
8.6845,0.0,5.4768844,0.04335624
8.5552,0.0,8.122462,0.036228172
8.1893,0.0,8.825707,0.056456134
7.69855,0.0,8.796908,0.056029625
7.56775,0.0,8.399466,0.041414253
7.57995,0.0,7.9876122,0.033121742
7.3845,0.0,7.7764482,0.030520707
7.023,0.0,7.4894614,0.029628329
6.4959,0.0,6.8487253,0.030618079
5.81995,0.0,6.2101984,0.037603103
5.33215,0.0,5.383094,0.04396134
5.10445,0.0,4.7961435,0.045187674
5.206333,0.0,4.580847,0.045749553
5.567,0.0,4.651454,0.04565955
5.5993333,0.0,4.910885,0.045190014
5.305,0.0,5.0921874,0.044895932
5.052,0.0,5.0670414,0.04495667
5.1706667,0.0,4.9584517,0.045159064
6.2246666,0.0,4.9687176,0.045150235
7.805333,0.0,5.480713,0.044092223
8.516,0.0,6.6413817,0.032378905
9.255,0.0,8.332142,0.039128102
9.335333,0.0,8.989915,0.056414075
8.908667,0.0,9.211095,0.0644913
8.314667,0.0,9.060634,0.056516416
7.65295,0.0,8.634852,0.04293862
7.0424,0.0,7.7942376,0.031044453
6.6483,0.0,6.483389,0.033834264
6.47035,0.0,5.8367906,0.042032734
6.43795,0.0,5.4262857,0.044517852
6.36955,0.0,5.2885227,0.044926807
6.089,0.0,5.2450695,0.045125946
5.7335,0.0,5.1115456,0.045474775
5.51835,0.0,4.905511,0.045898505
5.56265,0.0,4.7752132,0.04618974
5.6787,0.0,4.831481,0.046233207
5.496333,0.0,5.0114455,0.046062186
5.1976666,0.0,5.087674,0.04599499
5.39,0.0,5.044415,0.04612618
5.883,0.0,5.199632,0.045940727
6.408,0.0,5.603551,0.04470636
6.841,0.0,6.099389,0.040620625
7.1306667,0.0,6.469936,0.03568905
7.628,0.0,6.8890977,0.031316154
8.380667,0.0,7.527564,0.030447409
8.912,0.0,8.258912,0.034180835
8.887667,0.0,8.704545,0.041123725
8.630667,0.0,8.872604,0.043987095
8.305,0.0,8.809834,0.043016605
7.947,0.0,8.594773,0.039564393
7.5593333,0.0,8.241444,0.03591822
7.21315,0.0,7.6715045,0.032938182
6.97455,0.0,7.0267334,0.03303452
6.61465,0.0,6.622682,0.034552664
6.26995,0.0,6.3859396,0.036660835
6.05085,0.0,6.1770153,0.03981822
5.7749,0.0,5.9973273,0.04175677
5.48145,0.0,5.8420877,0.04324776
5.21205,0.0,5.6923604,0.04442498
4.8936,0.0,5.5657067,0.04513839
4.721,0.0,5.4402337,0.045804776
4.872667,0.0,5.3496428,0.046143524
5.306,0.0,5.3712068,0.046101794
5.75,0.0,5.56089,0.045273155
6.0486665,0.0,5.8712277,0.043206394
6.543,0.0,6.167909,0.040325426
7.355,0.0,6.453673,0.036401145
8.251667,0.0,7.0893135,0.030934907
7.9997,0.0,8.05901,0.032405354
0.0,0.0,8.301547,0.03446629
5.110767,0.0,4.2742167,0.04777749
8.849667,0.0,4.6601615,0.047025785
8.272,0.0,6.064637,0.04092457
7.662,0.0,7.653592,0.03187447
7.2335,0.0,8.175182,0.03444682
6.78625,0.0,7.8328905,0.031704463
6.44985,0.0,7.0914164,0.03124392
6.29965,0.0,6.5470076,0.034422025
6.2387,0.0,6.3661733,0.036568344
6.0217,0.0,6.283964,0.037982583
5.51895,0.0,6.173564,0.039562427
5.0223,0.0,5.9187794,0.042168893
4.80965,0.0,5.6243286,0.044484325
4.6197,0.0,5.4594193,0.045398265
4.3226666,0.0,5.360368,0.04575426
4.1336665,0.0,5.2543907,0.045952618
4.202,0.0,5.1804094,0.046078585
4.424,0.0,5.1800094,0.046040267
4.631,0.0,5.249099,0.045851886
4.9,0.0,5.3477826,0.045597106
5.821,0.0,5.481214,0.04507704
7.563667,0.0,5.8350368,0.042730115
8.123333,0.0,6.426861,0.035318978
8.6796665,0.0,7.0496373,0.03260602
8.613667,0.0,7.869709,0.036235414
8.098333,0.0,8.33535,0.042565912
7.124,0.0,8.284093,0.04040987
5.84135,0.0,7.5151577,0.032648563
5.4524,0.0,6.294483,0.036768466
5.0259,0.0,5.758008,0.04275495
5.01315,0.0,5.391345,0.044694766
5.26335,0.0,5.262053,0.044989794
5.3081,0.0,5.3068666,0.0449232
5.074,0.0,5.3539352,0.044839047
4.6316,0.0,5.2884703,0.0449614
4.2337,0.0,5.101268,0.045350626
3.9502,0.0,4.8907013,0.04570867
3.6697,0.0,4.7344427,0.046033487
3.706,0.0,4.6061864,0.0463046
4.073,0.0,4.5709867,0.046362527
4.466,0.0,4.6603513,0.046121463
4.797,0.0,4.8484974,0.045659132
4.800667,0.0,5.0905895,0.04518286
0.7286668,0.0,5.240834,0.044849567
2.441,0.0,3.761288,0.04783134
7.4483333,0.0,3.7233205,0.047770835
7.8896666,0.0,4.924124,0.045191668
8.172667,0.0,7.048234,0.030389078
7.609667,0.0,8.550435,0.04053802
6.55,0.0,8.58564,0.04206124
5.635,0.0,7.752478,0.030765302
4.951667,0.0,6.3250666,0.035675086
4.5898,0.0,5.432682,0.043710858
4.48305,0.0,4.9269857,0.044775613
4.39725,0.0,4.7323093,0.04523079
4.33995,0.0,4.6465087,0.045441635
4.2357,0.0,4.6036596,0.0455487
3.9883,0.0,4.55431,0.04566188
3.7016997,0.0,4.4519415,0.045909718
3.5487,0.0,4.3236637,0.046201326
3.6005,0.0,4.2400184,0.04638616
3.57915,0.0,4.245183,0.046372272
3.3733332,0.0,4.272425,0.04629965
3.1880002,0.0,4.2530193,0.046319418
3.2476666,0.0,4.2165556,0.04636819
3.618,0.0,4.2352085,0.046289302
4.0976667,0.0,4.354222,0.045991406
4.45,0.0,4.5685377,0.045426674
4.676,0.0,4.817598,0.04483416
5.2863336,0.0,5.0290837,0.04431297
6.158,0.0,5.3754387,0.0434189
6.5663333,0.0,5.91343,0.039892502
6.4583335,0.0,6.3263636,0.034535557
6.026,0.0,6.4641237,0.032564215
5.669667,0.0,6.300495,0.03470266
5.384333,0.0,5.9772434,0.038646817
4.91825,0.0,5.6156974,0.041672
4.51755,0.0,5.2020783,0.043076552
4.397,0.0,4.8348794,0.044017628
4.4489,0.0,4.6486864,0.044597045
4.4718,0.0,4.6147375,0.04474099
4.30635,0.0,4.6356444,0.044717997
3.1126497,0.0,4.5960402,0.044851325
2.11595,0.0,4.1385574,0.046082035
3.57825,0.0,3.6671581,0.04696928
2.7025003,0.0,3.9147089,0.04659006
1.8596668,0.0,3.8586922,0.04667557
3.225,0.0,3.581576,0.047112398
3.607667,0.0,3.8056073,0.04673618
4.0986667,0.0,4.07024,0.046264187
4.4016666,0.0,4.354604,0.045446917
4.601,0.0,4.618211,0.04466617
5.0733333,0.0,4.859482,0.043984123
6.0003333,0.0,5.1557264,0.043478735
6.977667,0.0,5.6393824,0.04183796
7.510667,0.0,6.2516775,0.03556864
7.536667,0.0,6.8318233,0.032187156
6.905667,0.0,7.3235416,0.037052102
5.8333335,0.0,7.0989876,0.03449305
5.573,0.0,6.269798,0.035216235
5.1453333,0.0,5.6460686,0.04141999
4.82545,0.0,5.1000347,0.043169707
4.7256,0.0,4.7287693,0.04418215
4.8575,0.0,4.566407,0.04469177
5.1612,0.0,4.6145635,0.044627182
5.30585,0.0,4.839911,0.04408484
5.09635,0.0,5.070696,0.04359643
4.79125,0.0,5.0855994,0.0436021
4.6692,0.0,4.9396334,0.04396835
4.67985,0.0,4.84116,0.044235855
4.620333,0.0,4.8434076,0.044246532
4.4643335,0.0,4.863625,0.04420662
3.979,0.0,4.8454523,0.044256248
3.4043334,0.0,4.682282,0.04466097
3.663,0.0,4.4438868,0.04526613
3.7603333,0.0,4.4193535,0.045324236
3.7903333,0.0,4.43997,0.04527556
4.2303333,0.0,4.451334,0.045254245
5.0876665,0.0,4.5923257,0.04493458
5.924667,0.0,5.026044,0.043844305
6.269,0.0,5.7358303,0.041424267
6.3283334,0.0,6.273699,0.035569288
6.1283336,0.0,6.469015,0.032773674
5.626333,0.0,6.4069004,0.03342081
5.053,0.0,6.0979123,0.03771303
4.5951,0.0,5.568827,0.042341717
4.4563,0.0,5.0822077,0.04366038
4.4782,0.0,4.853212,0.04432521
4.3603,0.0,4.8173666,0.044472232
4.08695,0.0,4.793046,0.044564955
3.97465,0.0,4.695284,0.044818543
3.938,0.0,4.661244,0.044917546
3.8351,0.0,4.714758,0.044811033
3.79865,0.0,4.721981,0.0447879
3.8060002,0.0,4.7712183,0.044638656
3.935,0.0,4.878032,0.04434111
4.115,0.0,4.9626093,0.04411839
4.3343334,0.0,5.0440006,0.043897785
4.602,0.0,5.116578,0.04368802
4.703,0.0,5.190972,0.043474697
4.738,0.0,5.241825,0.043328725
5.189,0.0,5.268586,0.04324589
6.1383333,0.0,5.366373,0.042965002
7.056,0.0,5.668969,0.041352063
7.4556665,0.0,6.126883,0.0369884
7.326667,0.0,6.5746264,0.032102823
6.962,0.0,6.9163556,0.0340702
6.376,0.0,6.875716,0.03344757
5.6896667,0.0,6.51227,0.03240343
5.247,0.0,6.069463,0.037734903
4.921,0.0,5.629566,0.041616447
4.614,0.0,5.3132095,0.043008573
4.463,0.0,5.0909615,0.04359614
4.3724,0.0,4.9500327,0.04396808
4.21195,0.0,4.863763,0.044204727
3.97105,0.0,4.778414,0.04443904
3.80755,0.0,4.666548,0.044742435
3.80225,0.0,4.5721903,0.04501424
3.7323334,0.0,4.5412273,0.045108788
3.5143332,0.0,4.521761,0.045158356
3.5963333,0.0,4.4629602,0.045289524
4.1076665,0.0,4.4774504,0.045234665
4.6753335,0.0,4.6475916,0.044785723
5.14,0.0,4.9341707,0.044060685
5.758333,0.0,5.289638,0.04326126
6.335,0.0,5.771303,0.04113034
6.6243334,0.0,6.269045,0.035676762
6.6033335,0.0,6.600867,0.031992823
6.3923335,0.0,6.746253,0.032099433
6.414,0.0,6.6383653,0.031859875
6.3966665,0.0,6.55297,0.03220059
6.1266665,0.0,6.4930143,0.032807127
5.73295,0.0,6.3337784,0.034718588
5.3659,0.0,6.0320168,0.03866756
4.5981,0.0,5.6468143,0.042219393
3.8503003,0.0,5.0650053,0.043916434
4.53195,0.0,4.515093,0.045241125
4.30375,0.0,4.6355276,0.045031004
4.0459,0.0,4.6775513,0.044993453
3.766,0.0,4.6247063,0.045144193
3.43535,0.0,4.5278187,0.045396067
3.30345,0.0,4.4122105,0.04567688
3.4276667,0.0,4.357728,0.045810357
3.6503336,0.0,4.3940954,0.045721106
3.8126667,0.0,4.4971685,0.045470037
4.0313334,0.0,4.6119323,0.045174845
4.4966664,0.0,4.7387896,0.04484936
4.9803333,0.0,4.954487,0.044308566
5.370333,0.0,5.2466135,0.043648094
5.9966664,0.0,5.547086,0.04276464
6.6976666,0.0,5.9333706,0.039855644
6.902,0.0,6.350215,0.034561276
6.751333,0.0,6.6541452,0.031909466
6.5143332,0.0,6.764614,0.03228449
6.1283336,0.0,6.6482897,0.031881064
5.77,0.0,6.381865,0.033846356
5.515333,0.0,6.0715637,0.03805738
5.169,0.0,5.7568173,0.041287906
4.767,0.0,5.4218454,0.043000907
4.653,0.0,5.0821238,0.04378798
4.7196665,0.0,4.9097486,0.04422801
4.5473332,0.0,4.9158607,0.044276908
4.1633,0.0,4.8822613,0.044399142
3.8358502,0.0,4.734979,0.044798635
3.63985,0.0,4.5870085,0.045161888
3.4186,0.0,4.5055046,0.045373574
3.3206666,0.0,4.4451504,0.045522362
3.542,0.0,4.4282403,0.045550175
3.785,0.0,4.512065,0.04532431
3.9043334,0.0,4.6288166,0.045018904
3.5904667,0.0,4.714804,0.044786662
0.0,0.0,4.6541586,0.04488466
0.0,0.0,3.5845294,0.04705956
0.0,0.0,2.8150384,0.04860934
8.077416,0.0018500015,2.2959986,0.049667798
11.275752,0.037,3.7172728,0.04691813
0.0,0.020350002,6.596345,0.031645447
0.0,0.011116669,3.0116923,0.047942504
0.0,0.0295,2.1771407,0.04963956
0.0,0.034,1.8708987,0.050228566
0.0,0.042399995,1.6871881,0.050555475
0.0,0.0428,1.5516095,0.050775565
0.0,0.0356,1.4384804,0.05094511
5.8422,0.0308,1.3367276,0.05109138
12.2803335,0.029,2.441733,0.0488443
11.536333,0.029799998,5.9633784,0.039654218
10.804334,0.030999996,8.915501,0.16414718
10.21065,0.030999996,10.91193,0.41832083
9.77775,0.029,10.606409,0.28061277
9.64785,0.027599998,9.819557,0.1254974
9.653,0.032799996,9.313713,0.072468355
9.783,0.036616668,9.117361,0.05547259
10.194333,0.035233334,9.125285,0.05154185
10.604667,0.034766667,9.358621,0.056975834
10.637,0.036,9.680945,0.06799816
10.5633335,0.03485,9.793854,0.07046945
11.214334,0.0318,9.737487,0.06595774
12.8793335,0.0312,10.054046,0.07876274
13.350623,0.0366,10.97489,0.12213236
14.158956,0.0428,11.467172,0.14364897
14.257347,0.042399995,11.843968,0.15834253
13.255,0.0396,11.967933,0.15880464
12.1953335,0.0414,11.672451,0.13817239
11.682667,0.0338,11.111164,0.10744724
11.329667,0.04830978,10.563395,0.08238456
10.798,0.11473204,10.071854,0.06443417
10.041,0.075216584,9.410232,0.047940865
9.534,0.044290133,7.786469,0.029017948
9.759,0.059302106,6.38012,0.038588084
9.988,0.022600003,6.4215956,0.038213722
9.292,0.0382,6.938689,0.031407967
7.7715,0.048,6.708795,0.03557767
6.45615,0.0334,5.1307554,0.04834898
6.90725,0.0344,3.5295286,0.05016225
7.5043335,0.03461667,3.6476927,0.05012983
7.912667,0.034,4.5063,0.049352758
8.344,0.034383334,5.829464,0.046218254
8.715333,0.035383336,6.9158707,0.032149367
8.906667,0.036,8.453828,0.026600324
9.4366665,0.035233334,9.181192,0.033555374
11.02,0.032799996,9.763016,0.04413867
12.566334,0.034200005,10.57156,0.0651069
9.908858,0.044199996,11.015043,0.08181453
0.0,0.051199995,10.465698,0.061297175
0.0,0.045600004,1.6708088,0.052205004
0.0,0.052600004,1.7934084,0.05266761
0.0,0.0758,2.0072532,0.053027086
0.03288269,0.0768,2.1695566,0.053228
0.0,0.0684,2.2774262,0.053218298
8.9,0.060199995,2.3266377,0.05298818
9.372666,0.0536,4.3504558,0.0512766
10.289333,0.0488,8.423593,0.032626845
10.046,0.0458,10.308258,0.063352436
9.44,0.0436,10.546876,0.06730254
8.82605,0.043000005,10.297104,0.058626946
8.3212,0.0426,9.795275,0.04462611
7.7841,0.042000003,9.22934,0.03246554
7.6602,0.041599996,8.554147,0.02486512
7.853,0.0406,8.05092,0.024259552
8.053667,0.039233334,7.966891,0.025028408
8.273666,0.03723333,8.147064,0.026139759
8.58,0.035616666,8.424565,0.02799873
8.945,0.03576667,8.781219,0.031970896
9.248333,0.0374,9.176224,0.038029477
9.947,0.037199996,9.489846,0.04402344
11.198334,0.0384,9.931006,0.05413343
11.838333,0.044,10.465977,0.07053402
12.650333,0.044600002,10.642609,0.07961756
12.749,0.038999997,10.701489,0.084715515
12.274,0.0444,10.638062,0.082642406
11.619333,0.0546,10.483969,0.074857846
10.861667,0.047799997,10.247354,0.06507053
10.395,0.0418,9.855637,0.054560587
10.165334,0.0392,9.430069,0.04579775
9.983334,0.037600003,9.089338,0.040204726
9.871,0.0366,8.816864,0.03682276
9.592,0.036,8.636002,0.035082497
9.2803335,0.036399998,8.406325,0.032789417
9.08865,0.0366,8.111218,0.030488327
8.75,0.036,7.910246,0.029692471
8.307,0.0352,7.630711,0.028897725
8.13475,0.033599995,7.2233744,0.028637528
8.259,0.032616667,7.0500345,0.030891322
8.543,0.031616665,7.1946626,0.028810956
8.881,0.030616663,7.687188,0.028197236
9.249333,0.030383334,8.295709,0.029991284
9.711333,0.030616663,8.832433,0.035331547
9.955,0.028399996,9.24412,0.04169955
10.138,0.025200002,9.462967,0.045548625
10.991,0.0348,9.566011,0.047028273
12.543333,0.0494,9.893773,0.053901106
13.694614,0.043399997,10.421516,0.068027385
14.110857,0.0352,10.807936,0.08199206
13.803123,0.029799998,11.045313,0.09044167
12.948,0.027199998,11.124805,0.091283575
12.045,0.025600001,11.035852,0.08663827
11.167,0.0246,10.839045,0.08075681
10.591,0.023999996,10.559168,0.07409552
10.193,0.023600005,10.236786,0.067131355
9.521,0.023400001,9.951132,0.06181422
8.936334,0.024400003,9.644058,0.056041576
8.631,0.024999999,9.349962,0.050428428
8.39955,0.024999999,9.108721,0.046013772
8.03285,0.024999999,8.905695,0.043050267
7.8071,0.0246,8.682411,0.03996291
7.8074,0.023999996,8.509247,0.037587635
7.781,0.023999996,8.477425,0.036830634
7.645,0.023999996,8.516538,0.036771804
