actual,predicted
-0.29409948,-0.15814662
-0.5213114,-0.10570441
-0.45281506,-0.15859202
-0.5213114,-0.10584174
-0.36642557,-0.15887862
-0.5213114,-0.10571502
-0.27702248,-0.15862125
-0.5213114,-0.10440214
-0.2800361,-0.15908512
-0.5213114,-0.10448097
-0.34131232,-0.15972841
-0.5213114,-0.10518278
-0.3332761,-0.15860489
-0.5213114,-0.103323445
-0.33729422,-0.15830573
-0.5213114,-0.10357739
-0.25994548,-0.15739828
-0.5213114,-0.10392748
-0.24889567,-0.15678996
-0.5213114,-0.10406177
-0.24688661,-0.15652946
-0.5213114,-0.10455634
-0.346335,-0.15634981
-0.5213114,-0.10492037
-0.3403078,-0.15621823
-0.5213114,-0.105220124
-0.32323083,-0.15616557
-0.5213114,-0.10544188
-0.32021722,-0.15625149
-0.5213114,-0.10579799
-0.34533048,-0.15636614
-0.5213114,-0.10592638
-0.33428064,-0.15647283
-0.5213114,-0.10595958
-0.32323083,-0.15660897
-0.5213114,-0.106008396
-0.42167464,-0.15676734
-0.5213114,-0.106145725
-0.4407607,-0.15689632
-0.5213114,-0.106293544
-0.42870635,-0.15706196
-0.5213114,-0.1065359
-0.35537574,-0.15708837
-0.5213114,-0.10650335
-0.30916741,-0.15709144
-0.5213114,-0.10624556
-0.25492287,-0.15722069
-0.5213114,-0.10595159
0.3599959,-0.157462
-0.5213114,-0.10572575
-0.25942528,-0.1578837
-0.5213114,-0.10569613
-0.42468822,-0.15835926
-0.5213114,-0.10576616
-0.43975616,-0.15862337
-0.5213114,-0.10584371
-0.4066067,-0.15861738
-0.5213114,-0.10580216
-0.40962029,-0.15850222
-0.5213114,-0.10594149
-0.3614029,-0.15835229
-0.5213114,-0.105759725
-0.41564748,-0.1581249
-0.5213114,-0.10517456
-0.4297109,-0.15794104
-0.5213114,-0.10421632
-0.22880511,-0.15784422
-0.5213114,-0.10336353
-0.21574624,-0.15748063
-0.5213114,-0.10292952
-0.23081417,-0.1570648
-0.5213114,-0.10319047
-0.3403078,-0.15671873
-0.5213114,-0.103480205
-0.346335,-0.15666285
-0.5213114,-0.1042033
-0.40962029,-0.15662369
-0.5213114,-0.10473226
-0.25793645,-0.15667224
-0.5213114,-0.10527669
-0.30213574,-0.15674344
-0.5213114,-0.105730996
-0.23081417,-0.15685925
-0.5213114,-0.10616563
-0.25592738,-0.15693504
-0.5213114,-0.10640596
-0.41564748,-0.15708739
-0.5213114,-0.106721565
-0.43774712,-0.15714279
-0.5213114,-0.106846794
-0.35838932,-0.15724835
-0.5213114,-0.10702877
-0.3603984,-0.15721926
-0.5213114,-0.10687517
-0.43774712,-0.15723345
-0.5213114,-0.10657029
-0.3503531,-0.15739694
-0.5213114,-0.106417224
-0.3614029,-0.15765622
-0.5213114,-0.10617797
-0.40459767,-0.15804753
-0.5213114,-0.106385335
-0.34432593,-0.15820801
-0.5213114,-0.106267914
-0.3533667,-0.15836912
-0.5213114,-0.10618283
-0.4066067,-0.15843242
-0.5213114,-0.106118456
-0.25291377,-0.15829411
-0.5213114,-0.106258914
-0.39656144,-0.15798762
-0.5213114,-0.106370404
-0.329258,-0.15758976
-0.5213114,-0.10618271
-0.39455235,-0.15752268
-0.5213114,-0.10662378
-0.40359315,-0.15778601
-0.5213114,-0.10824464
-0.42167464,-0.15419188
-0.5213114,-0.1053146
-0.32825345,-0.16035753
-0.5213114,-0.115226045
-0.3533667,-0.16167906
-0.5213114,-0.117015764
-0.34834403,-0.1632734
-0.5213114,-0.11871354
-0.2699908,-0.16635558
-0.5213114,-0.12208684
-0.42167464,-0.16476235
-0.5213114,-0.11969741
-0.34231687,-0.16536435
-0.5213114,-0.11907254
-0.34834403,-0.16496265
-0.5213114,-0.118164286
-0.35939386,-0.1650897
-0.5213114,-0.11820836
-0.44678786,-0.16480723
-0.51821476,-0.117761895
-0.4518105,-0.16443717
-0.5213114,-0.11718823
-0.43774712,-0.16378811
-0.5213114,-0.116294935
-0.44477883,-0.16205442
-0.5213114,-0.11389159
-0.45281506,-0.16064182
-0.5213114,-0.11141692
-0.46286035,-0.16052088
-0.5213114,-0.11020468
-0.37345725,-0.16067785
-0.5213114,-0.109871134
-0.32523987,-0.16030616
-0.5213114,-0.10928346
-0.43975616,-0.15984121
-0.5213114,-0.108310565
-0.24085945,-0.16039354
-0.5213114,-0.1090533
-0.3222263,-0.15987709
-0.5213114,-0.10846405
-0.24789116,-0.15941522
-0.5213114,-0.10772647
-0.18561037,-0.1591864
-0.5213114,-0.10759069
-0.21474169,-0.15891573
-0.5213114,-0.10784234
-0.25492287,-0.1585691
-0.5213114,-0.10763912
-0.23181869,-0.15836489
-0.5213114,-0.10752605
-0.24588211,-0.15814406
-0.5213114,-0.107416585
-0.27099532,-0.1579065
-0.5213114,-0.10731296
-0.30012667,-0.15771723
-0.5213114,-0.10735585
-0.33829877,-0.15732527
-0.5213114,-0.106632665
-0.41263387,-0.15711257
-0.5213114,-0.10647084
-0.44276974,-0.15710452
-0.5213114,-0.1064515
-0.27099532,-0.15704352
-0.5213114,-0.10634254
-0.2810406,-0.1568735
-0.5213114,-0.10590239
-0.2800361,-0.15695491
-0.5213114,-0.105875954
-0.2669772,-0.15695438
-0.5213114,-0.10577844
-0.22980963,-0.15699324
-0.5213114,-0.10551669
-0.32323083,-0.1572989
-0.5213114,-0.10528307
-0.39957502,-0.1578539
-0.5213114,-0.10537572
-0.41564748,-0.15829778
-0.5213114,-0.105314
-0.4236837,-0.15865198
-0.5213114,-0.10498734
-0.22076887,-0.15831944
-0.5213114,-0.10373996
-0.2388504,-0.15777689
-0.5213114,-0.10214685
-0.26496816,-0.15830514
-0.5213114,-0.10246943
-0.19866925,-0.15874776
-0.5213114,-0.102919504
-0.2629591,-0.1585989
-0.5213114,-0.102621004
-0.24688661,-0.1581563
-0.5213114,-0.10281627
-0.21273264,-0.15754524
-0.5213114,-0.10284124
-0.21373719,-0.15719733
-0.5213114,-0.10311361
-0.39053422,-0.15702885
-0.5213114,-0.103546545
-0.33528516,-0.15697703
-0.5213114,-0.104043856
-0.32724893,-0.15705305
-0.5213114,-0.10472189
-0.3955569,-0.15691212
-0.5213114,-0.1047654
-0.25693193,-0.15686354
-0.5213114,-0.10475139
-0.29510403,-0.15687898
-0.5213114,-0.10487731
-0.3674301,-0.1569232
-0.5213114,-0.10512866
-0.2217734,-0.16116235
-0.5213114,-0.11290492
-0.25793645,-0.15791956
-0.5213114,-0.11121045
-0.3855116,-0.1600934
-0.5213114,-0.11276142
-0.33729422,-0.15957186
-0.5213114,-0.11209907
-0.2910859,-0.15985781
-0.5213114,-0.11175583
-0.2961085,-0.16014692
-0.5213114,-0.1116011
-0.25592738,-0.16040131
-0.5213114,-0.11193596
-0.41263387,-0.1597003
-0.5213114,-0.11030392
-0.40861577,-0.15970969
-0.5213114,-0.10954426
-0.39957502,-0.15979758
-0.5213114,-0.109373584
-0.41966558,-0.158782
-0.34733328,-0.110608056
-0.3473395,-0.16643599
-0.5213114,-0.11867045
-0.24085945,-0.16594645
-0.5213114,-0.118333
-0.2679817,-0.15749007
-0.5213114,-0.106560275
-0.2961085,-0.15630859
-0.5213114,-0.10490863
-0.224787,-0.15711096
-0.5213114,-0.105889425
-0.3674301,-0.15839806
-0.5213114,-0.10792194
-0.3784799,-0.15916467
-0.5213114,-0.10943754
-0.33930328,-0.15962413
-0.5213114,-0.110461816
-0.37044367,-0.16000831
-0.5213114,-0.11120425
-0.29008135,-0.16051838
-0.5213114,-0.11203538
-0.26095003,-0.16243342
-0.5213114,-0.11100717
-0.32523987,-0.16154549
-0.5213114,-0.108648404
-0.36943913,-0.16055462
-0.5213114,-0.10668512
-0.24487756,-0.1590372
-0.5213114,-0.10573073
-0.32122177,-0.15794444
-0.5213114,-0.10576753
-0.416652,-0.15675163
-0.5213114,-0.105105415
-0.43171993,-0.15653488
-0.5213114,-0.1050957
-0.4066067,-0.15665224
-0.5213114,-0.10499583
-0.34934857,-0.15695107
-0.5213114,-0.104753956
-0.24286851,-0.15728131
-0.5213114,-0.104024336
-0.017854027,-0.15802547
-0.5213114,-0.103621766
-0.3473395,-0.15877566
-0.5213114,-0.10365735
-0.38350254,-0.15912804
-0.5213114,-0.10328697
-0.3614029,-0.15934208
-0.5213114,-0.1027783
-0.34332138,-0.15935144
-0.5157375,-0.10248254
-0.33227158,-0.15859726
-0.5213114,-0.101407394
-0.29209042,-0.15761545
-0.5213114,-0.09990983
-0.24286851,-0.15709129
-0.5213114,-0.099331126
-0.16652432,-0.15676877
-0.5213114,-0.099295035
-0.32122177,-0.15646002
-0.5213114,-0.09950708
-0.3081629,-0.15650454
-0.5213114,-0.100691065
-0.4297109,-0.15687862
-0.5213114,-0.10265075
-0.4186611,-0.15672931
-0.5213114,-0.10313319
-0.3332761,-0.15684098
-0.5213114,-0.103980646
-0.3543712,-0.15694323
-0.5213114,-0.104864225
-0.2961085,-0.15692803
-0.5213114,-0.10540579
-0.21273264,-0.15700573
-0.5213114,-0.10586749
-0.3543712,-0.15696588
-0.5213114,-0.10607962
-0.42669728,-0.15707907
-0.5213114,-0.10637833
-0.19465114,-0.15716678
-0.5213114,-0.10655944
-0.39957502,-0.15723735
-0.5213114,-0.10663788
-0.42468822,-0.15728816
-0.5213114,-0.10653268
-0.38249803,-0.15736085
-0.5213114,-0.10618912
-0.29209042,-0.15764919
-0.5213114,-0.10579406
-0.41765654,-0.15806076
-0.5213114,-0.10551123
-0.42677128,-0.15840593
-0.5213114,-0.10517542
-0.46270862,-0.15829787
-0.5213114,-0.103979185
-0.6106994,-0.15822378
-0.5213114,-0.10281883
-0.34613386,-0.15854582
-0.5213114,-0.10258107
-0.28265932,-0.15883046
-0.5213114,-0.103733465
-0.0972118,-0.1584287
-0.5213114,-0.10406153
0.11173017,-0.15805224
-0.5213114,-0.10388015
0.10369395,-0.15789187
-0.5213114,-0.10390414
-0.03794464,-0.15762255
-0.5213114,-0.10348208
0.06451735,-0.15752101
-0.5213114,-0.1026883
-0.059039712,-0.15770799
-0.5213114,-0.10240646
0.0775762,-0.15781093
-0.5213114,-0.102593765
-0.019863112,-0.15772873
-0.5089249,-0.10311611
-0.060044285,-0.15737328
-0.5213114,-0.10335483
-0.063057825,-0.15710032
-0.5213114,-0.10355811
-0.07209862,-0.15700302
-0.5213114,-0.10384242
-0.056026116,-0.15699205
-0.5213114,-0.104125604
0.06451735,-0.1570439
-0.5213114,-0.104432866
-0.10725711,-0.15704274
-0.4940611,-0.10467209
0.032372396,-0.1572456
-0.5213114,-0.10525687
0.06451735,-0.15733147
-0.5213114,-0.10547756
0.105702974,-0.15793678
-0.5213114,-0.10697077
-0.04095818,-0.15801242
-0.5213114,-0.10701577
0.2631546,-0.15804973
-0.5213114,-0.10684283
-0.02689482,-0.15825531
-0.5213114,-0.10713296
0.074562594,-0.15957004
-0.5213114,-0.10925697
-0.0057996917,-0.15850285
-0.5213114,-0.1079139
-0.07611673,-0.15823016
-0.5213114,-0.107115194
-0.042967267,-0.15826404
-0.5188341,-0.10657014
-0.039953668,-0.15844697
-0.5213114,-0.106374726
-0.07209862,-0.15846932
-0.5089249,-0.1060607
0.11273468,-0.1585522
-0.5213114,-0.105993286
0.13684341,-0.15854597
-0.5213114,-0.10609119
0.16697928,-0.15842596
-0.5213114,-0.10637005
-0.016849512,-0.15808979
-0.5213114,-0.10633336
0.26119357,-0.15782365
-0.3401654,-0.106192395
0.21406606,-0.15771064
-0.5213114,-0.106156155
0.092878245,-0.1571756
-0.5213114,-0.10533823
0.18967883,-0.15673283
-0.5213114,-0.10453342
0.31314307,-0.15649101
-0.5213114,-0.104051456
0.3106269,-0.15638122
-0.5213114,-0.10374193
0.06250826,-0.15641409
-0.5213114,-0.10374983
-0.031917445,-0.15648365
-0.5213114,-0.103973076
-0.038949154,-0.15640876
-0.5213114,-0.10393499
-0.04397178,-0.15627745
-0.5213114,-0.10327865
-0.07913033,-0.15662947
-0.5213114,-0.10268675
0.055476554,-0.15752843
-0.5213114,-0.10280688
-0.06707594,-0.15842307
-0.5213114,-0.10318087
0.06460891,-0.15903887
-0.5213114,-0.10335828
-0.026226506,-0.15949109
-0.5213114,-0.10342626
0.21117851,-0.15961152
-0.5213114,-0.10305704
0.2302646,-0.1594164
-0.5213114,-0.10245688
0.23729625,-0.1591633
-0.5213114,-0.10177706
0.3156495,-0.15890634
-0.5213114,-0.10121845
0.2654231,-0.1584318
-0.5213114,-0.10063808
0.083807215,-0.157989
-0.5213114,-0.100342974
0.30023745,-0.15754625
-0.5213114,-0.100772694
0.3040155,-0.15713003
-0.5213114,-0.10147296
0.350131,-0.15682992
-0.5213114,-0.10216598
0.33325505,-0.15674815
-0.5213114,-0.10300283
0.116752796,-0.15675685
-0.5213114,-0.10373552
0.24734157,-0.15674904
-0.5213114,-0.10418241
0.3066088,-0.15676871
-0.5213114,-0.10450961
0.23126912,-0.15671313
-0.5213114,-0.104627386
0.06552186,-0.1567584
-0.5213114,-0.10482229
0.20314229,-0.15677083
-0.5213114,-0.104841396
0.27465513,-0.15688416
-0.5213114,-0.104974225
0.1197664,-0.15691715
-0.5213114,-0.104950085
0.1350985,-0.15695384
-0.5213114,-0.10481809
0.24423037,-0.1571447
-0.5213114,-0.10484634
-0.03314458,-0.15742645
-0.5213114,-0.10502331
0.17858775,-0.15777865
-0.5213114,-0.1053095
-0.2088803,-0.15814066
-0.5213114,-0.10562067
-0.068262026,-0.15846059
-0.5213114,-0.10603283
0.11954602,-0.15847966
-0.5213114,-0.105934784
-0.2535989,-0.15806311
-0.5213114,-0.10495339
-0.12102532,-0.15791348
-0.5213114,-0.10461299
0.22151218,-0.15845037
-0.5213114,-0.10580389
0.15090677,-0.15850618
-0.5213114,-0.106135085
-0.045980867,-0.15836367
-0.5213114,-0.10625629
-0.03292196,-0.15819898
-0.5213114,-0.106367394
-0.0972118,-0.15802404
-0.5213114,-0.10641672
-0.011826888,-0.15793917
-0.5213114,-0.1065997
0.18204722,-0.15786871
-0.5213114,-0.10670559
-0.04698538,-0.1578719
-0.5169761,-0.10690008
-0.024885736,-0.15780643
-0.5107829,-0.10696469
-0.08515747,-0.15774393
-0.5213114,-0.107059285
-0.10424351,-0.15764067
-0.5213114,-0.10704456
-0.04497635,-0.15747595
-0.52069205,-0.106869504
0.012281839,-0.15734607
-0.5213114,-0.10666369
-0.18761943,-0.15730491
-0.5213114,-0.10657923
0.008263728,-0.15723437
-0.5213114,-0.10637827
-0.09319369,-0.1570895
-0.5213114,-0.10575394
0.02232709,-0.1574626
-0.5213114,-0.105610594
-0.16853338,-0.1578264
-0.4665538,-0.10500611
-0.1725515,-0.15866527
-0.52007276,-0.10498695
0.07255357,-0.15936497
-0.5213114,-0.10489832
0.13081622,-0.159762
-0.5213114,-0.104730085
-0.024885736,-0.15990502
-0.5157375,-0.10407619
0.18204722,-0.1600928
-0.40116233,-0.103264764
0.19008343,-0.16001222
-0.2197164,-0.10252403
0.16697928,-0.15975526
-0.5213114,-0.10185845
0.15090677,-0.15914091
-0.5213114,-0.10138379
0.16697928,-0.15841365
-0.5213114,-0.10113953
0.1790336,-0.15793678
-0.5213114,-0.101613685
0.15291587,-0.15763617
-0.5213114,-0.10236661
0.17501551,-0.15753189
-0.5213114,-0.10328539
0.14287055,-0.15748927
-0.5213114,-0.10405482
0.15392037,-0.15745491
-0.5213114,-0.10453574
0.20615588,-0.15742019
-0.5213114,-0.10480751
0.19611058,-0.15737918
-0.5213114,-0.10487254
0.14487964,-0.1575273
-0.5213114,-0.10532682
0.12077091,-0.15738383
-0.5213114,-0.105393276
0.14186604,-0.15727434
-0.5213114,-0.105355486
0.14889775,-0.16328171
-0.5213114,-0.11413215
0.18003812,-0.1706458
-0.5213114,-0.11927731
0.12077091,-0.16791192
-0.5213114,-0.10678099
0.12177548,-0.14919633
-0.5213114,-0.087197304
0.10369395,-0.14968154
-0.5213114,-0.089135185
0.14387512,-0.14817381
-0.5213114,-0.08749969
0.14990225,-0.15037063
-0.5213114,-0.08936973
0.17300642,-0.14882758
-0.5213114,-0.08799349
0.1197664,-0.14852048
-0.5213114,-0.08301586
0.19510606,-0.1446531
-0.5213114,-0.075994775
0.104698464,-0.1405111
-0.5213114,-0.069138736
0.15191135,-0.14933756
-0.5213114,-0.076942965
0.17300642,-0.14768097
-0.5213114,-0.074420705
0.09465321,-0.14373094
-0.5213114,-0.070562616
0.10871658,-0.14371908
-0.5213114,-0.07201122
0.11173017,-0.14671639
-0.5213114,-0.07574327
0.10670755,-0.1470166
-0.5213114,-0.076232806
0.08661693,-0.1475031
-0.5213114,-0.07648374
0.10670755,-0.14817047
-0.5213114,-0.07692991
0.048444845,-0.15261209
-0.5213114,-0.08497034
0.042417705,-0.15144783
-0.5213114,-0.085918486
0.12077091,-0.14549068
-0.5213114,-0.07546061
0.085612416,-0.14610967
-0.5213114,-0.07786395
-0.11629785,-0.14481707
-0.5213114,-0.07964657
0.0263452,-0.14237091
-0.5213114,-0.07575935
0.05447204,-0.13697991
-0.5213114,-0.07303426
0.024336174,-0.1388806
-0.5213114,-0.07416259
0.098671325,-0.14020011
-0.5213114,-0.07422687
0.09364864,-0.13675901
-0.5213114,-0.07389715
0.060499176,-0.13480891
-0.5213114,-0.072731
0.053467527,-0.13320284
-0.5213114,-0.070801705
0.05145844,-0.13399792
-0.5213114,-0.07154277
0.10871658,-0.13485198
-0.5213114,-0.07245867
0.08661693,-0.13697323
-0.5213114,-0.07534529
0.07255357,-0.13979506
-0.5213114,-0.07942329
0.15994757,-0.14479917
-0.5213114,-0.08685604
0.15793848,-0.15108645
-0.5213114,-0.097136095
0.15291587,-0.15798154
-0.5213114,-0.10783549
0.14186604,-0.16080317
-0.5213114,-0.11109851
0.21821022,-0.16058055
-0.5213114,-0.11088319
0.17602001,-0.15945345
-0.5213114,-0.109536365
0.19309704,-0.15779108
-0.5213114,-0.10796152
0.21218307,-0.15615591
-0.5213114,-0.10680841
0.42600882,-0.15561727
-0.5213114,-0.10481481
1.2495627,-0.15561768
-0.5213114,-0.105966255
0.2841969,-0.156297
-0.5213114,-0.10780738
0.15291587,-0.15696856
-0.5213114,-0.10878353
0.116752796,-0.15716612
-0.5213114,-0.108517185
0.16296117,-0.15703109
-0.5213114,-0.10797493
0.12880719,-0.1568102
-0.5213114,-0.107440874
-0.055021603,-0.15671203
-0.5213114,-0.1069112
0.12880719,-0.15659145
-0.51264083,-0.106150046
0.10268944,-0.15656686
-0.48786786,-0.10499798
0.13885245,-0.15705055
-0.5213114,-0.10458551
0.07958528,-0.15771666
-0.5213114,-0.105231985
-0.038949154,-0.15811571
-0.5213114,-0.10617043
0.1619566,-0.15783527
-0.5213114,-0.10577713
0.11876188,-0.15806329
-0.5213114,-0.10592021
0.18305172,-0.15811494
-0.5213114,-0.10551958
0.14688866,-0.15824142
-0.5213114,-0.10553862
0.14086153,-0.15820867
-0.5213114,-0.105800554
0.16095208,-0.15793428
-0.5213114,-0.105803356
0.1689883,-0.15786025
-0.5213114,-0.10619871
0.14186604,-0.1577085
-0.5213114,-0.10646163
0.18807435,-0.15751988
-0.5213114,-0.10656114
0.09967584,-0.15745923
-0.5213114,-0.10674296
0.16798379,-0.15732193
-0.5213114,-0.10672636
0.13382982,-0.15726689
-0.5213114,-0.1068394
0.16497019,-0.15725908
-0.5169761,-0.10699181
-0.047989894,-0.15720174
-0.5213114,-0.10702436
0.10670755,-0.15719637
-0.5213114,-0.107086256
0.085612416,-0.1572068
-0.5213114,-0.107136205
0.00022744678,-0.15723112
-0.5213114,-0.1071832
0.13985701,-0.15725562
-0.5213114,-0.10721876
-0.0037906647,-0.15723094
-0.52069205,-0.10701312
-0.0017815803,-0.15725532
-0.4847712,-0.10660337
0.11474377,-0.15748855
-0.5213114,-0.10620554
0.11373926,-0.15802753
-0.5213114,-0.10617532
0.09666224,-0.1585539
-0.5163568,-0.10617851
0.00022744678,-0.15883341
-0.46619147,-0.10587765
0.11474377,-0.15888089
-0.5194534,-0.10552852
0.15291587,-0.15877786
-0.47981662,-0.1047921
0.19811966,-0.15855402
-0.5213114,-0.104407534
0.115748286,-0.15817547
0.20345165,-0.104205
0.16798379,-0.15780202
-0.5213114,-0.10439591
0.18305172,-0.15747377
-0.5213114,-0.10434316
0.18003812,-0.15740073
-0.5213114,-0.104754135
0.18003812,-0.15720448
-0.5213114,-0.1049024
0.18003812,-0.15713015
-0.5213114,-0.10516356
0.18003812,-0.15710005
-0.5213114,-0.10548033
0.18003812,-0.15703419
-0.5213114,-0.10565139
0.18003812,-0.15709108
-0.5194534,-0.10586573
0.18003812,-0.15701523
-0.5213114,-0.105912074
0.18003812,-0.15702417
-0.5213114,-0.106076166
0.18003812,-0.15714782
-0.5213114,-0.10641374
0.18003812,-0.15720767
-0.5213114,-0.10665436
0.18003812,-0.1573
-0.5213114,-0.10693036
0.18003812,-0.15738595
-0.5213114,-0.1071613
0.18003812,-0.15737805
-0.5213114,-0.107155606
0.18003812,-0.1572895
-0.5213114,-0.1067691
0.18003812,-0.15728143
-0.5213114,-0.10620053
0.18003812,-0.1575185
-0.5213114,-0.10581969
0.18003812,-0.15790099
-0.5213114,-0.105629966
0.18003812,-0.15816084
-0.5213114,-0.1052926
0.18003812,-0.15825531
-0.4457537,-0.10475244
0.18003812,-0.15829358
-0.51821476,-0.10409765
0.18003812,-0.15830323
-0.5213114,-0.104234025
0.18003812,-0.15802082
-0.5213114,-0.104022995
0.18003812,-0.15791824
-0.5213114,-0.104190454
0.18003812,-0.15775293
-0.5213114,-0.10470049
0.18003812,-0.1575172
-0.5213114,-0.10503407
0.18003812,-0.15741107
-0.5213114,-0.105524465
0.18003812,-0.15721941
-0.5213114,-0.10580601
0.18003812,-0.15715078
-0.5213114,-0.10612889
0.18003812,-0.15714812
-0.5213114,-0.10638563
0.18003812,-0.1571655
-0.5213114,-0.10654561
0.18003812,-0.15727654
-0.5163568,-0.1067677
0.18003812,-0.15736866
-0.5213114,-0.10707848
0.18003812,-0.15798151
-0.5213114,-0.10874252
0.18003812,-0.15782896
-0.5213114,-0.108633384
0.18003812,-0.15783855
-0.51202154,-0.10860662
0.18003812,-0.15789661
-0.32374668,-0.108627036
0.18003812,-0.15775153
-0.48291323,-0.10826577
0.18003812,-0.15772375
-0.48415187,-0.1078686
0.18003812,-0.15781853
-0.48415187,-0.10761227
0.18003812,-0.15763405
-0.47981662,-0.106638
-0.11787106,-0.15780947
-0.54918104,-0.105973706
-0.1707506,-0.16300482
-0.5683801,-0.113183364
-0.012831401,-0.16851643
-0.4575209,-0.13173197
0.19108795,-0.17065367
-0.03452182,-0.1403883
0.039404105,-0.17164642
-0.11751136,-0.14486448
0.12679811,-0.17217824
-0.036379796,-0.14746402
0.28852725,-0.17240015
-0.45442426,-0.14871524
0.21620119,-0.17230076
-0.46804944,-0.14922373
0.3048935,-0.17181584
-0.4550436,-0.14917879
0.2291633,-0.17127979
-0.5213114,-0.14901246
0.22725101,-0.17113563
-0.42110106,-0.14845954
0.2071604,-0.17069072
-0.50025433,-0.14724581
0.16396569,-0.17095235
-0.50520897,-0.14654963
0.22222833,-0.16771689
-0.26877388,-0.1366208
0.0062546427,-0.16239306
-0.40363964,-0.12663789
0.14487964,-0.16167387
-0.50211227,-0.123187795
0.19611058,-0.16137567
-0.37892354,-0.12086271
0.14186604,-0.16078916
-0.5169761,-0.118064865
0.06150375,-0.16027835
-0.5213114,-0.11565302
0.08862602,-0.15977591
0.007251825,-0.11355995
0.092644125,-0.1593923
-0.2782589,-0.1119623
0.14487964,-0.15900597
-0.50768626,-0.1104245
0.13784793,-0.15876392
-0.43516347,-0.10909389
0.09465321,-0.15857458
-0.4618604,-0.10772954
0.16095208,-0.15877059
-0.21850336,-0.10735421
0.1619566,-0.15883699
-0.5213114,-0.10694884
0.19008343,-0.15875992
-0.47857794,-0.106525555
0.14287055,-0.1585823
-0.5213114,-0.10616462
0.15090677,-0.15841722
-0.4699074,-0.10562788
0.16497019,-0.15824828
-0.5213114,-0.105157
0.1720019,-0.15803573
-0.5213114,-0.10500501
0.18305172,-0.15780392
-0.46866876,-0.10489057
0.2943826,-0.15767226
-0.45690155,-0.105174914
0.23515268,-0.15759158
-0.39434972,-0.105623975
0.2624095,-0.15756807
-0.38915318,-0.106142506
0.19410154,-0.15752953
-0.50582826,-0.10651858
0.1780291,-0.15751082
-0.23862939,-0.10684638
0.39190605,-0.15732309
-0.18164568,-0.10673587
0.10168487,-0.1572656
-0.52069205,-0.10679214
-0.034931045,-0.15723854
-0.5213114,-0.10689102
0.12780263,-0.15717945
-0.5213114,-0.1068397
0.02232709,-0.15720636
-0.5213114,-0.106884465
-0.04397178,-0.15731785
-0.5213114,-0.107146665
-0.105248086,-0.15739861
-0.5213114,-0.107455954
0.074562594,-0.15705106
-0.4965384,-0.10681091
-0.048994463,-0.15708455
-0.5213114,-0.10633899
0.08159431,-0.15736112
-0.5213114,-0.105964705
0.20883006,-0.15776268
-0.5213114,-0.105918005
0.09967584,-0.15796599
-0.5213114,-0.10566251
-0.02689482,-0.15842912
-0.5213114,-0.105818674
0.15894306,-0.1588695
-0.5213114,-0.10623343
0.22926004,-0.15896478
-0.5213114,-0.10633539
0.13784793,-0.15892708
-0.5213114,-0.106061265
0.13784793,-0.1587216
-0.5213114,-0.105827376
0.0062546427,-0.15831432
-0.5213114,-0.10581829
0.13081622,-0.15789518
-0.5213114,-0.106025115
0.16396569,-0.15758434
-0.5213114,-0.10639374
0.20213777,-0.15739056
-0.5213114,-0.1066625
0.20615588,-0.15731978
-0.5213114,-0.10709672
0.22624645,-0.15725419
-0.5213114,-0.10751639
0.18405624,-0.1571953
-0.5213114,-0.10777791
0.04442673,-0.15714127
-0.52069205,-0.107843146
-0.10725711,-0.1571075
-0.5213114,-0.10791089
0.06552186,-0.15718481
-0.5213114,-0.10807936
-0.1454292,-0.15727594
-0.5213114,-0.10825865
0.122779995,-0.15736902
-0.5213114,-0.10844679
0.06451735,-0.15743843
-0.5157375,-0.108645454
0.055476554,-0.15746483
-0.5070669,-0.10877617
-0.14141108,-0.157471
-0.5188341,-0.10869263
0.10168487,-0.15758893
-0.5132602,-0.10849528
-0.02287671,-0.15780571
-0.5213114,-0.10818176
0.06552186,-0.15813485
-0.5213114,-0.10774504
0.06853546,-0.15854135
-0.52069205,-0.10729711
0.06150375,-0.15880796
-0.5213114,-0.106836006
0.22222833,-0.15877283
-0.3783344,-0.1063077
0.14086153,-0.15857854
-0.5213114,-0.10575266
0.15894306,-0.15833223
-0.5213114,-0.10521673
0.008263728,-0.15825081
-0.5213114,-0.10484405
0.18606532,-0.15806249
-0.5213114,-0.10449283
0.14287055,-0.15770242
-0.5213114,-0.104556695
0.27345932,-0.15747717
-0.5213114,-0.10487266
0.18807435,-0.15735501
-0.5213114,-0.105156615
0.21921478,-0.15733716
-0.5213114,-0.10580121
0.19008343,-0.15731236
-0.5213114,-0.10650645
0.10771206,-0.15729323
-0.5213114,-0.10710214
-0.029908419,-0.15721619
-0.5089249,-0.10731475
0.05135268,-0.15723401
-0.5169761,-0.107553944
0.14751974,-0.15727213
-0.5213114,-0.10774703
0.14789324,-0.15738425
-0.5213114,-0.107971385
-0.0580352,-0.15748408
-0.5213114,-0.10811935
0.13182072,-0.15760183
-0.5213114,-0.10823472
0.115748286,-0.15774575
-0.5213114,-0.1084315
0.030363312,-0.15768835
-0.5213114,-0.10822369
0.17300642,-0.1577363
-0.5213114,-0.10763769
-0.049998976,-0.1582224
-0.49591905,-0.10753994
0.14487964,-0.1585865
-0.5213114,-0.10716812
0.14990225,-0.15872297
-0.5213114,-0.10609384
0.055476554,-0.15811542
-0.5213114,-0.1037025
0.09565773,-0.15822193
-0.47671998,-0.1031457
0.16697928,-0.15859708
-0.5213114,-0.10375978
0.1619566,-0.15863636
-0.5213114,-0.10360889
0.15090677,-0.15856856
-0.46061748,-0.103240535
0.11876188,-0.15834373
-0.28349054,-0.10287191
0.11775737,-0.15790248
-0.4965384,-0.10298528
0.18405624,-0.15742448
-0.49963498,-0.103759035
0.28257874,-0.15708101
-0.5213114,-0.104421034
0.23819508,-0.15692422
-0.4723847,-0.10485138
0.045431245,-0.1569882
-0.39992368,-0.10553993
0.1197664,-0.15706345
-0.48415187,-0.10620086
0.13684341,-0.15689
-0.48415187,-0.10634582
0.18104264,-0.15697235
-0.51264083,-0.1066473
0.09666224,-0.15716958
-0.5213114,-0.10702191
-0.0972118,-0.1572186
-0.5213114,-0.10715778
-0.15446997,-0.15731391
-0.5213114,-0.10732286
-0.049998976,-0.15730062
-0.50768626,-0.107271746
0.024336174,-0.15733942
-0.5138795,-0.10728465
-0.0027860939,-0.157339
-0.5213114,-0.10718994
-0.016849512,-0.15732571
-0.5213114,-0.10689716
-0.0610488,-0.15750617
-0.5008736,-0.10673775
-0.1695379,-0.15761882
-0.40979192,-0.10639568
0.11373926,-0.1577433
-0.5213114,-0.10603477
-0.16049713,-0.15796939
-0.5213114,-0.1064515
0.11273468,-0.15803441
-0.5213114,-0.10728876
0.104698464,-0.15796342
-0.5213114,-0.10768913
0.15693398,-0.15757027
-0.5095442,-0.106843576
0.03337691,-0.15756404
-0.46557215,-0.10632761
0.122779995,-0.15768176
-0.5213114,-0.10642855
0.2141921,-0.1575391
-0.5213114,-0.10641833
0.18003812,-0.1574524
-0.5213114,-0.10665275
0.24274176,-0.15729865
-0.5213114,-0.10683565
0.24012735,-0.15713683
-0.42903194,-0.106851175
0.05849015,-0.15708008
-0.4723847,-0.10673897
0.16396569,-0.15698424
-0.49034515,-0.106410936
0.104698464,-0.15709528
-0.5095442,-0.106453404
-0.16049713,-0.15718421
-0.32560465,-0.10665573
0.15793848,-0.15727189
-0.51202154,-0.10694121
0.23126912,-0.15724605
-0.4897258,-0.10705812
0.09465321,-0.15726146
-0.49591905,-0.10716809
0.10168487,-0.15737113
-0.5213114,-0.10740362
0.21318759,-0.15741232
-0.5138795,-0.107505664
0.13583884,-0.15731564
-0.5213114,-0.10738973
-0.023881223,-0.15721688
-0.4723847,-0.10714011
-0.119311444,-0.1573852
-0.4847712,-0.10714494
0.06150375,-0.15746245
-0.5132602,-0.106792286
0.09465321,-0.15773126
-0.5213114,-0.10659166
0.011277268,-0.15790057
-0.5213114,-0.10625397
0.0052501294,-0.15796858
-0.5213114,-0.1057754
0.06351278,-0.1580671
-0.5213114,-0.10546635
-0.0047951783,-0.15803936
-0.5213114,-0.10477547
0.2232329,-0.15802741
-0.501493,-0.103629395
0.22825553,-0.1580452
-0.50458956,-0.10283171
0.13885245,-0.15780088
-0.5213114,-0.10284935
0.0876215,-0.15747327
-0.5213114,-0.10333808
0.24633706,-0.15715274
-0.5213114,-0.103828475
0.12501952,-0.15710276
-0.47300404,-0.10463075
-0.03392653,-0.15706632
-0.51202154,-0.10531096
0.12077091,-0.15716547
-0.5039703,-0.1060767
0.028354285,-0.15707907
-0.35411027,-0.10636176
-0.13337487,-0.15706554
-0.48415187,-0.106475934
-0.14040658,-0.15702638
-0.5157375,-0.10636096
-0.06205331,-0.15711379
-0.38505986,-0.10646351
0.0775762,-0.15720806
-0.32114223,-0.106620595
0.003241045,-0.15727124
-0.5070669,-0.10675363
0.046435818,-0.15726444
-0.5107829,-0.106726006
-0.07913033,-0.15713808
-0.5213114,-0.10633309
-0.023881223,-0.15724066
-0.5213114,-0.10609962
-0.04095818,-0.1573787
-0.5213114,-0.10589932
-0.010822317,-0.1589444
-0.5213114,-0.10906629
0.21921478,-0.15965706
-0.20855217,-0.1114469
0.12478908,-0.15871692
-0.36648008,-0.11011653
-0.021872139,-0.15856439
-0.5213114,-0.1093653
0.25839138,-0.15846261
-0.5213114,-0.1081986
0.15392037,-0.15874612
-0.5194534,-0.10792382
-0.0027860939,-0.15881509
-0.5188341,-0.107538864
0.021322576,-0.15887135
-0.5027317,-0.10734297
-0.0068042055,-0.15904373
-0.48415187,-0.10765742
0.15191135,-0.15912816
-0.50211227,-0.108202085
0.13483433,-0.1591272
-0.50520897,-0.108829424
0.10771206,-0.15885872
-0.50211227,-0.108781174
0.12077091,-0.15858087
-0.5213114,-0.10844223
0.013286352,-0.15941045
-0.5213114,-0.11116506
0.098671325,-0.16641513
-0.5213114,-0.1199377
0.018509926,-0.15369695
-0.5213114,-0.10432218
0.10871658,-0.15795192
-0.5213114,-0.10664214
-0.02287671,-0.15778157
-0.5213114,-0.10604517
-0.057030685,-0.15642008
-0.5213114,-0.10441519
-0.06707594,-0.15571022
-0.5213114,-0.10353272
-0.11730242,-0.15523866
-0.5213114,-0.10255177
-0.05100349,-0.15838802
-0.5213114,-0.105731264
-0.16853338,-0.15935096
-0.5213114,-0.10661633
-0.08515747,-0.16004276
-0.5213114,-0.107525155
0.030363312,-0.15995333
-0.5213114,-0.107401416
-0.15406816,-0.15999025
-0.5213114,-0.10717423
-0.15446997,-0.15956452
-0.5213114,-0.10695027
-0.045980867,-0.15996033
-0.5213114,-0.10774805
-0.06506691,-0.16058728
-0.5213114,-0.1087407
-0.059039712,-0.1611152
-0.5213114,-0.10969566
0.01529538,-0.1610085
-0.35471293,-0.110060886
-0.019863112,-0.16049403
-0.4773393,-0.110211864
0.14387512,-0.15983161
-0.5213114,-0.11054169
0.12880719,-0.15915176
-0.5213114,-0.110813215
0.10369395,-0.15866673
-0.5213114,-0.11117409
0.09967584,-0.15819338
-0.5213114,-0.11125262
-0.13337487,-0.15782744
-0.5138795,-0.11129992
-0.02589025,-0.15756825
-0.48415187,-0.11143528
0.12679811,-0.15671223
-0.43398654,-0.10771154
0.097666755,-0.1558012
-0.50830555,-0.10583867
0.08360339,-0.1557785
-0.5213114,-0.10525094
-0.12533864,-0.155844
-0.27393275,-0.10479395
-0.029908419,-0.15613028
-0.5213114,-0.10481684
0.020318063,-0.15641841
-0.5213114,-0.10503481
-0.14643374,-0.15663326
-0.5213114,-0.10525997
-0.1524609,-0.15676105
-0.5213114,-0.105266914
-0.056026116,-0.1568797
-0.50582826,-0.1050107
0.07858071,-0.15707368
-0.5213114,-0.10426499
0.092644125,-0.15840715
-0.5213114,-0.1049826
-0.038949154,-0.15981895
-0.5213114,-0.105975345
-0.12433413,-0.16056433
-0.37143472,-0.10591446
0.12478908,-0.160997
-0.4277933,-0.10500185
0.0775762,-0.16120452
-0.5213114,-0.10367145
0.13081622,-0.16119725
-0.5213114,-0.102307096
0.11273468,-0.16047841
-0.501493,-0.10102011
0.009268241,-0.15951106
-0.48415187,-0.100289
-0.11529333,-0.15854338
-0.48415187,-0.100757465
0.07054449,-0.15777168
-0.48415187,-0.10166113
0.22423741,-0.157249
-0.33658028,-0.102666155
0.14789324,-0.15704367
-0.50582826,-0.10376607
-0.030912932,-0.15699264
-0.52069205,-0.104722366
0.039404105,-0.15706095
-0.4624755,-0.105321094
0.067530885,-0.15701813
-0.33861047,-0.105443224
0.0010310691,-0.15700182
-0.48415187,-0.10543488
0.011277268,-0.15698937
-0.4965384,-0.10531293
0.041413132,-0.1570254
-0.5213114,-0.105286464
0.06853546,-0.1568647
-0.5213114,-0.104928866
0.0876215,-0.15701312
-0.5157375,-0.10507117
0.06451735,-0.15725347
-0.5213114,-0.105422184
0.13684341,-0.15727028
-0.52007276,-0.10522504
0.19410154,-0.15754065
-0.4847712,-0.105238065
0.0072591566,-0.15791282
-0.5213114,-0.10532798
-0.030912932,-0.15833893
-0.5213114,-0.1056359
0.123784505,-0.15857339
-0.5213114,-0.10583775
-0.118306935,-0.15864035
-0.50458956,-0.10596453
-0.08515747,-0.15855339
-0.51016355,-0.10554646
-0.015844999,-0.1586391
-0.5213114,-0.10522263
0.024336174,-0.15855446
-0.5213114,-0.10526653
-0.03694007,-0.15822062
-0.5213114,-0.10519029
-0.017854027,-0.15788266
-0.5213114,-0.10511096
0.13271788,-0.15764028
-0.5213114,-0.10529502
0.080990195,-0.15735495
-0.5213114,-0.10520075
-0.13940203,-0.15731552
-0.5213114,-0.105367616
0.092644125,-0.15733835
-0.5213114,-0.10559578
0.02333166,-0.15738738
-0.5107829,-0.10599305
0.009268241,-0.15736666
-0.46928808,-0.106191054
-0.02287671,-0.15727487
-0.50458956,-0.10621898
0.034381483,-0.15728587
-0.5213114,-0.106344
0.060499176,-0.15801945
-0.5213114,-0.107678935
0.055476554,-0.15842825
-0.5151181,-0.10903902
-0.12132053,-0.15782803
-0.5213114,-0.1081339
-0.02287671,-0.15856472
-0.50830555,-0.10934244
-0.13839751,-0.15926883
-0.5213114,-0.11113851
-0.12935676,-0.15902218
-0.5213114,-0.11095138
0.08058979,-0.15888605
-0.5213114,-0.11028449
0.013678478,-0.15877241
-0.5213114,-0.10952018
0.13138957,-0.15883103
-0.3013626,-0.10887809
-0.34248984,-0.1589311
-0.36308068,-0.108283654
-0.308992,-0.15914685
-0.51016355,-0.10809432
0.7969037,-0.15950605
-0.42717397,-0.107927755
0.42996687,-0.15953681
-0.5213114,-0.10777442
0.31475317,-0.15922701
-0.5213114,-0.10729618
0.3219951,-0.15912297
-0.5213114,-0.10839389
0.32423905,-0.16607818
-0.5213114,-0.11925261
0.28149554,-0.16033208
-0.5213114,-0.112074
0.29857257,-0.16026467
-0.5213114,-0.11091767
0.297568,-0.1597468
-0.5213114,-0.1099395
0.24432798,-0.1622378
-0.50520897,-0.112922445
0.29044598,-0.16308516
-0.35347426,-0.114527
0.2232329,-0.15497315
-0.49963498,-0.104214326
0.22122382,-0.15603799
-0.4853905,-0.104332045
0.16497019,-0.15175208
-0.5008736,-0.09952785
0.24030986,-0.15418708
-0.4946804,-0.1018305
0.2603169,-0.15301299
-0.23208654,-0.10099746
0.20414685,-0.14594933
-0.4742427,-0.088703826
0.16497019,-0.14788729
-0.4630948,-0.08977537
0.15994757,-0.14615458
-0.48415187,-0.08827166
0.19611058,-0.1479545
-0.48848715,-0.09043814
0.19209246,-0.15156278
-0.48786786,-0.09516631
0.23729625,-0.15565902
-0.51759547,-0.10077815
0.18907893,-0.15804732
-0.5163568,-0.104081586
0.21117851,-0.15946701
-0.52007276,-0.106050774
0.1790336,-0.16004887
-0.50025433,-0.10663192
0.23629175,-0.16149178
-0.5114022,-0.10874228
0.25135967,-0.1615547
-0.5213114,-0.108826354
0.21519667,-0.1622512
-0.51264083,-0.10963188
0.2202193,-0.16203666
-0.4668108,-0.10955851
0.19912417,-0.16242576
-0.5213114,-0.11132245
0.25035515,-0.16180804
-0.5213114,-0.11087631
0.28551367,-0.16074392
-0.5213114,-0.10983722
0.24231894,-0.15959832
-0.41726476,-0.108839855
0.28049102,-0.15854812
-0.425316,-0.10852976
0.2523642,-0.15767834
-0.45628226,-0.108868524
0.22725101,-0.15681115
-0.5213114,-0.10888471
0.21519667,-0.15636799
-0.41256067,-0.10603313
0.22423741,-0.15686741
-0.4872485,-0.10715784
0.2624095,-0.15743503
-0.4773393,-0.10825209
0.1720019,-0.15757892
-0.4872485,-0.10820077
0.19611058,-0.15729246
-0.5213114,-0.10768925
0.20314229,-0.15693894
-0.5213114,-0.106905624
0.20113325,-0.15686569
-0.5213114,-0.10647549
0.24332346,-0.15702695
-0.5213114,-0.106398
0.23729625,-0.15719146
-0.5213114,-0.106165275
0.210174,-0.15758607
-0.5213114,-0.106251314
0.22624645,-0.1577675
-0.5213114,-0.10576199
0.26441857,-0.15826014
-0.50768626,-0.10569407
0.31300828,-0.15853134
-0.5151181,-0.10562585
0.26534653,-0.1586082
-0.5213114,-0.10569985
0.27915555,-0.15823412
-0.5213114,-0.10511361
0.24819238,-0.1580973
-0.5213114,-0.10491331
0.26441857,-0.15818787
-0.5213114,-0.105782315
0.25638232,-0.15783402
-0.5213114,-0.10579623
0.26341403,-0.15770927
-0.5213114,-0.105588004
0.28149554,-0.15781844
-0.5213114,-0.10584949
0.3206722,-0.15783656
-0.5213114,-0.106228486
0.29555896,-0.15772372
-0.5213114,-0.10647638
0.2232329,-0.15757337
-0.5213114,-0.10646035
0.2724548,-0.15754154
-0.5213114,-0.10645436
0.25336877,-0.15738216
-0.52069205,-0.1060967
0.23227364,-0.15803489
-0.5213114,-0.10681678
0.28551367,-0.15915713
-0.5213114,-0.10922687
0.24131437,-0.15781602
-0.5213114,-0.10754512
0.24533254,-0.15753153
-0.5213114,-0.106976256
0.25738686,-0.16997457
-0.5213114,-0.11942713
0.19711514,-0.16576526
-0.5213114,-0.11502229
0.28551367,-0.159893
-0.5213114,-0.108245865
0.22423741,-0.16103825
-0.5213114,-0.10919128
0.25336877,-0.15812585
-0.5213114,-0.106459185
0.2754684,-0.16087982
-0.5213114,-0.1099814
0.27760687,-0.16134632
-0.5213114,-0.11074026
0.35440084,-0.16206905
-0.5213114,-0.11173509
0.32806,-0.16246495
-0.5213114,-0.11226885
0.28342825,-0.16293648
-0.5213114,-0.11295651
0.28764775,-0.16316947
-0.5213114,-0.113261655
0.35788238,-0.16331586
-0.51759547,-0.11337827
0.28451806,-0.16321027
-0.39558837,-0.11357249
0.34092987,-0.15924239
-0.07044265,-0.10605787
0.3005816,-0.15927675
0.032365326,-0.10885136
0.2654231,-0.16002682
0.040416587,-0.110778436
0.24734157,-0.16075173
0.005114998,-0.11181615
0.2553778,-0.16177437
1.2693027,-0.11316042
0.23629175,-0.16258603
-0.37515065,-0.114223585
0.28438935,-0.1671465
-0.13423316,-0.11907096
0.21821022,-0.16629273
0.063599646,-0.11896847
0.2724548,-0.16625121
0.23673101,-0.11930685
0.23227364,-0.16629794
-0.047527637,-0.11935465
0.19108795,-0.16625026
1.3744284,-0.1191584
0.18606532,-0.1658696
-0.074777916,-0.118754044
0.18807435,-0.1626127
-0.45999822,-0.11505829
0.13483433,-0.15919366
-0.21598406,-0.110713586
0.1780291,-0.15773913
-0.06610738,-0.10761453
0.13784793,-0.15761915
-0.088403106,-0.1059248
0.20213777,-0.15809098
0.010069595,-0.105318144
0.18807435,-0.15855443
0.12313117,-0.104870364
0.22122382,-0.1594668
0.023075456,-0.105640694
0.28651816,-0.15987056
-0.04814696,-0.10586108
0.25035515,-0.16010544
-0.05619818,-0.10578214
0.22926004,-0.16023687
0.08383018,-0.10546921
0.25638232,-0.15986764
0.17571977,-0.10454057
0.23528723,-0.15898994
-0.037618443,-0.10296227
0.19209246,-0.15896586
0.015024236,-0.104012296
0.22725101,-0.15855885
0.12402546,-0.10465868
0.2523642,-0.1583266
0.1521662,-0.10556434
0.24533254,-0.15806341
-0.04257304,-0.10616748
0.24231894,-0.15786433
0.15040769,-0.10654406
0.2232329,-0.15770799
0.05032578,-0.106719986
0.2724548,-0.15763852
-0.21350676,-0.10690023
0.27145025,-0.15749416
0.04861988,-0.10681586
0.24935065,-0.15738189
0.004495674,-0.10664706
0.24734157,-0.15719464
0.027410729,-0.10633461
0.19410154,-0.15724128
0.013166263,-0.10633491
0.20916948,-0.15730366
-0.47610065,-0.10644819
0.22825553,-0.15721744
-0.5039703,-0.106379375
0.23227364,-0.15704188
-0.19740433,-0.105930254
0.20012875,-0.15714177
-0.25438222,-0.10546033
0.19209246,-0.1578506
-0.0016975722,-0.10546027
0.3310789,-0.15847325
0.07943399,-0.10551922
0.21114878,-0.15917727
-0.039476417,-0.10548942
0.27446383,-0.15955761
-0.025231907,-0.10460083
0.22423741,-0.1605601
-0.064249404,-0.10464762
0.22825553,-0.16091529
0.05713831,-0.104597375
0.3035952,-0.16061431
0.51478565,-0.10392819
0.084793165,-0.1602351
2.2586815,-0.10468359
0.37801012,-0.159632
1.0233862,-0.10534082
0.37417164,-0.15892592
-0.15900615,-0.10550459
0.34881762,-0.15852883
-0.05619818,-0.10612105
0.36036962,-0.15815392
0.29619786,-0.106489226
0.35667425,-0.15801653
0.5174777,-0.10689874
0.28687707,-0.15797263
0.97905856,-0.10718961
0.2563057,-0.15786669
-0.18811445,-0.10705115
0.22423741,-0.15910688
-0.19988161,-0.11065881
0.27662092,-0.16535696
-0.064249404,-0.11823301
0.24624078,-0.1577942
0.34574383,-0.10790788
0.1790336,-0.15591514
0.64589643,-0.10519059
0.17401099,-0.15443566
0.099672854,-0.10285352
0.20314229,-0.15557715
-0.14104573,-0.10378839
0.22825553,-0.15462649
-0.13980709,-0.10243754
0.23629175,-0.1547896
-0.064868726,-0.10244878
0.24231894,-0.15570271
0.29124328,-0.10345353
0.2202193,-0.15446547
0.5930587,-0.10163005
0.23227364,-0.15792045
0.1810034,-0.10565163
0.23930535,-0.16062403
2.019961,-0.10911195
5.836837,-0.16172841
0.25958386,-0.110574886
1.8169689,-0.16191235
0.6430179,-0.11099838
0.25035515,-0.1628967
0.44547597,-0.11229329
0.2593959,-0.16346776
0.6427421,-0.113079414
0.21921478,-0.1638231
0.19968379,-0.113515005
0.14045969,-0.16406408
0.11859581,-0.113815054
0.21620119,-0.1640918
0.5754456,-0.11381416
0.25638232,-0.16415593
0.10049112,-0.11395554
0.14990225,-0.16404882
-0.14104573,-0.11395837
0.116752796,-0.16408083
0.1302187,-0.114175186
0.15191135,-0.1641868
0.30566683,-0.11438821
0.2141921,-0.16427293
0.7503007,-0.11449097
0.25035515,-0.16619548
0.6317819,-0.1153367
0.21117851,-0.16575697
3.0248337,-0.11562012
0.2624095,-0.1657379
2.0200086,-0.11587925
0.22725101,-0.16557384
0.45324504,-0.11546154
0.18305172,-0.16524109
0.28373438,-0.11459418
0.0072591566,-0.16477257
0.1939507,-0.11351244
0.16497019,-0.16406038
-0.33551383,-0.11231355
0.27345932,-0.16323891
-0.0933577,-0.1108668
0.24533254,-0.1628018
0.44519547,-0.10977648
0.24131437,-0.16273198
6.0965447,-0.1094114
0.23126912,-0.16284314
6.761726,-0.10901983
1.6121261,-0.16300908
1.9037905,-0.108701125
0.23930535,-0.16148847
-0.05310156,-0.10586549
0.24030986,-0.1612171
-0.25190493,-0.1059155
0.23811534,-0.16099593
-0.3076442,-0.10623379
1.5433863,-0.16068533
-0.33551383,-0.1062579
-0.05871409,-0.16029438
-0.33551383,-0.1060871
0.68155026,-0.15970933
-0.32126936,-0.10614978
1.6617777,-0.1588639
-0.29835433,-0.10599868
1.1485152,-0.15814027
-0.2927804,-0.10605802
1.2088813,-0.15770411
-0.2611948,-0.106677696
1.5184215,-0.15744218
-0.24447304,-0.107271776
0.7295872,-0.1573979
-0.22403532,-0.10783647
0.50385886,-0.15761077
-0.17510864,-0.10835396
1.6563557,-0.15753779
-0.013098797,-0.10837595
0.29154086,-0.157561
-0.098312296,-0.108410314
0.2523642,-0.15758657
-0.08159053,-0.10835241
0.23528723,-0.15755314
0.029376656,-0.10814874
0.25336877,-0.15994763
0.017501535,-0.11282249
0.20916948,-0.15961465
0.17295215,-0.11326645
0.24734157,-0.15870953
0.26708958,-0.111358866
0.24432798,-0.15901491
0.3519371,-0.11122231
0.24734157,-0.15940526
0.4219209,-0.111643985
0.24131437,-0.15954536
0.44979045,-0.11346553
0.22524193,-0.15982652
0.19896378,-0.1144958
0.24131437,-0.16291773
-0.48415187,-0.11639814
0.31866312,-0.15855944
-0.48415187,-0.108800694
0.28250006,-0.16134897
-0.48415187,-0.11046015
0.23126912,-0.16153407
-0.48415187,-0.108912244
0.32177684,-0.16186619
-0.48415187,-0.10880579
0.34907857,-0.15761936
-0.48415187,-0.1044548
0.31464502,-0.16411588
-0.48415187,-0.111713156
0.2724548,-0.1538252
-0.48415187,-0.099187985
0.3076133,-0.15786144
-0.48415187,-0.10395233
0.24533254,-0.15671554
-0.48415187,-0.10286997
0.2654231,-0.15938807
-0.48415187,-0.10705839
0.2654231,-0.16061679
-0.48415187,-0.10942955
0.20173599,-0.1614573
-0.48415187,-0.11120199
0.2818974,-0.1634303
-0.48415187,-0.11238237
0.2726557,-0.16347495
-0.48415187,-0.11242987
0.18124358,-0.163798
-0.48415187,-0.11247949
0.23327816,-0.16391632
-0.48415187,-0.11237021
0.26040047,-0.16316086
-0.48415187,-0.11091448
0.22865736,-0.16122776
-0.48415187,-0.10812186
0.24914971,-0.15987986
-0.48415187,-0.10713862
0.10286435,-0.15940121
-0.48415187,-0.10733418
0.3529174,-0.15890145
-0.48415187,-0.10694824
0.2856938,-0.15879813
-0.48415187,-0.106454894
0.27446383,-0.15896556
-0.48415187,-0.106102124
0.25758776,-0.15942717
-0.48415187,-0.10617657
0.3206722,-0.1599769
-0.48415187,-0.105892524
0.32027036,-0.1604093
-0.48415187,-0.10569601
0.3321453,-0.16052723
-0.48415187,-0.106554314
0.35936132,-0.15996715
-0.48415187,-0.1064506
0.30173117,-0.15956983
-0.48415187,-0.10600151
0.33925566,-0.15930966
-0.48415187,-0.10547565
0.3416813,-0.15904465
-0.48415187,-0.105139896
0.3150399,-0.15870115
-0.48415187,-0.10525088
0.3472065,-0.15844372
-0.48105526,-0.10595848
0.30981615,-0.15811786
-0.48415187,-0.106488064
0.25276604,-0.15788174
-0.48415187,-0.10686068
0.097666755,-0.15772557
-0.48415187,-0.10704242
0.34126863,-0.1574448
-0.48415187,-0.106769875
0.29776165,-0.15707716
-0.48415187,-0.10624747
0.34338856,-0.15677735
-0.48415187,-0.10570039
0.6598514,-0.15655437
-0.48415187,-0.10533212
0.34599644,-0.15658087
-0.48415187,-0.10530792
0.28089282,-0.156665
-0.48415187,-0.10543524
0.2901345,-0.156759
-0.48415187,-0.105613485
0.29375082,-0.1568757
-0.48415187,-0.10570346
0.26924032,-0.1570813
-0.48353255,-0.105821595
0.25437328,-0.15721455
-0.48415187,-0.10556479
0.28852725,-0.15774202
-0.47857794,-0.10553382
0.2890156,-0.15851
-0.48415187,-0.105845645
0.3113537,-0.15925282
-0.48415187,-0.10519035
0.3291102,-0.16010997
-0.48415187,-0.10493277
0.307578,-0.16081667
-0.48415187,-0.104479685
0.2929472,-0.16082448
-0.48415187,-0.10336433
0.26441857,-0.15928268
-0.48415187,-0.101399735
0.3005816,-0.15835059
-0.48415187,-0.100936696
0.32308307,-0.15768889
-0.48415187,-0.101214394
0.34470242,-0.15696636
-0.48415187,-0.10094206
0.33646512,-0.15668407
-0.48415187,-0.10100348
0.31873515,-0.15648443
-0.48291323,-0.100868806
0.22019142,-0.15651104
-0.48415187,-0.10107131
0.086014256,-0.15653867
-0.48415187,-0.101548955
0.26361495,-0.15642443
-0.48415187,-0.10190235
0.28852725,-0.15621302
-0.48415187,-0.10210322
0.2933492,-0.15591905
-0.48415187,-0.10202162
0.2398591,-0.15579882
-0.48415187,-0.102002785
0.26361495,-0.15569225
-0.48415187,-0.101863965
0.32971248,-0.15569583
-0.48415187,-0.101827785
0.2069453,-0.15581968
-0.48415187,-0.10187088
0.13905339,-0.15566215
-0.48415187,-0.10141106
0.27406207,-0.15564802
-0.48415187,-0.10095294
0.22263017,-0.15591225
-0.48415187,-0.10062389
0.7670324,-0.156474
-0.48415187,-0.10058431
0.31035197,-0.15703484
-0.48415187,-0.10083212
0.56923085,-0.15740696
-0.48415187,-0.10119031
0.13212101,-0.15758935
-0.48415187,-0.10136755
0.30248842,-0.15768805
-0.48415187,-0.10169436
0.33318505,-0.15749499
-0.48415187,-0.101325914
0.30919877,-0.15764529
-0.48415187,-0.101312205
0.32319584,-0.15774831
-0.48415187,-0.10172774
0.32734546,-0.15862495
-0.48415187,-0.104362264
0.3249341,-0.15779927
-0.48415187,-0.103813365
0.29375082,-0.1572605
-0.48415187,-0.1036668
0.29616168,-0.15744334
-0.48415187,-0.10492794
0.22705007,-0.15735555
-0.48415187,-0.10543607
0.027349772,-0.15721554
-0.48415187,-0.10564606
0.24874792,-0.15706387
-0.48415187,-0.10555707
0.24593522,-0.15646803
-0.48415187,-0.10484861
0.30982327,-0.15598416
-0.48415187,-0.10413854
0.24593522,-0.15553182
-0.48415187,-0.103440955
2.6555575e-05,-0.15522268
-0.48415187,-0.102947846
0.20856676,-0.15500695
-0.48415187,-0.102654114
0.25598052,-0.15495363
-0.48415187,-0.1025887
0.32341272,-0.15481073
-0.48415187,-0.101957545
0.2623884,-0.15506378
-0.48415187,-0.10110788
0.28488243,-0.15621397
-0.48415187,-0.10094006
0.23019478,-0.15788594
-0.48415187,-0.10126464
0.335126,-0.15972546
-0.48415187,-0.10150696
0.14551306,-0.16138667
-0.48415187,-0.10127656
0.2740678,-0.16245982
-0.48291323,-0.09930085
0.31081393,-0.16211507
-0.48415187,-0.09597197
1.0683811,-0.16003796
-0.48415187,-0.09218441
2.5805895,-0.1577335
-0.48415187,-0.08944437
2.5751212,-0.15592483
-0.48167458,-0.08820598
1.2609671,-0.15488449
-0.48415187,-0.08919428
2.3247008,-0.15459141
-0.4853905,-0.09213573
2.4521768,-0.15478796
-0.48415187,-0.095253244
1.0584882,-0.15522331
-0.48415187,-0.09810881
2.4318497,-0.15566349
-0.48353255,-0.10041179
2.436856,-0.15605551
-0.48415187,-0.102066144
1.7428267,-0.1560112
-0.48415187,-0.102815524
0.72307706,-0.15568581
-0.48415187,-0.102801666
0.5217475,-0.15553683
-0.48415187,-0.10280566
0.49733812,-0.15520436
-0.48415187,-0.10247089
0.44949624,-0.15511015
-0.48415187,-0.10237481
0.28017327,-0.15493396
-0.48415187,-0.102046296
0.30178705,-0.15485752
-0.48415187,-0.10172112
0.24714068,-0.15485486
-0.48415187,-0.1007051
0.85277736,-0.15553704
-0.48415187,-0.09978931
0.18946162,-0.15711203
-0.48415187,-0.099562064
-0.15076144,-0.15923586
-0.48415187,-0.10011946
0.23446171,-0.16102529
-0.48415187,-0.10077669
0.3203041,-0.1618627
-0.48415187,-0.10075538
0.32144842,-0.16186842
-0.48415187,-0.10031171
0.7318656,-0.16125304
-0.48415187,-0.099601075
0.40891036,-0.16037658
-0.48415187,-0.098839715
0.3474123,-0.15957657
-0.48105526,-0.098298684
0.29253152,-0.1588336
-0.48415187,-0.09812601
0.37046304,-0.15805385
-0.48415187,-0.09877165
0.32107398,-0.1574584
-0.48415187,-0.099647805
0.27808017,-0.1571795
-0.48415187,-0.10024719
0.31022507,-0.15719584
-0.48415187,-0.100636974
0.31175378,-0.15744302
-0.48415187,-0.10103418
0.28330368,-0.15763909
-0.48415187,-0.10124461
0.2973671,-0.15756509
-0.48415187,-0.10113685
0.30580518,-0.1574311
-0.48415187,-0.10109989
0.19128884,-0.15729693
-0.48415187,-0.10102613
0.19972691,-0.15726861
-0.48415187,-0.101300046
0.29375082,-0.15704852
-0.48415187,-0.10134904
0.19892327,-0.15678182
-0.48415187,-0.10104625
0.24352434,-0.15674004
-0.48291323,-0.10057412
0.28370553,-0.1572797
-0.48415187,-0.1008064
0.26080227,-0.15771285
-0.48415187,-0.10086174
0.32952023,-0.15836093
-0.48415187,-0.10105519
0.3006054,-0.15923405
-0.48415187,-0.101671055
0.22099608,-0.1600196
-0.48415187,-0.10234828
-0.5578836,-0.16029403
-0.25646186,-0.10278876
-0.30372468,-0.15941721
-0.44885036,-0.101586744
-0.60064673,-0.15940359
-0.48415187,-0.10219501
0.42861447,-0.15982339
-0.47176537,-0.10382365
0.18365446,-0.1597502
-0.48415187,-0.10462122
0.24151532,-0.15952218
-0.48415187,-0.10527615
0.24472982,-0.15914291
-0.48415187,-0.10642384
0.23147002,-0.16015723
-0.48415187,-0.110327974
0.18405624,-0.16016817
-0.48415187,-0.111579046
0.16436747,-0.16134581
-0.48415187,-0.11382617
0.10007762,-0.15938637
-0.48415187,-0.1114759
0.042618595,-0.16112131
-0.48415187,-0.11260502
0.2214247,-0.16403183
-0.48415187,-0.111868635
0.12458813,-0.15866926
-0.48415187,-0.09705506
0.12579359,-0.15907362
-0.48415187,-0.09342866
0.17762727,-0.15803161
-0.48415187,-0.09360893
0.14266966,-0.15367067
-0.48415187,-0.09193008
0.105301194,-0.1533477
-0.48415187,-0.095003754
-0.09962267,-0.15418306
-0.48415187,-0.09486051
0.1687938,-0.15330341
-0.48415187,-0.09193531
0.1351922,-0.15257904
-0.48415187,-0.09048082
0.07958528,-0.1504499
-0.48415187,-0.0884607
0.14025879,-0.14936179
-0.48415187,-0.087707475
0.12860624,-0.14923894
-0.48415187,-0.087406084
0.040609512,-0.1499748
-0.47052673,-0.08777791
0.17642185,-0.15270579
-0.4742427,-0.09071265
0.08922875,-0.15575546
-0.48415187,-0.09403455
0.105301194,-0.15849173
-0.48415187,-0.09687823
-0.118909664,-0.16100684
-0.41231018,-0.0998434
0.092443235,-0.16086885
-0.39411965,-0.10032119
0.12860624,-0.15931019
-0.48415187,-0.09960185
0.17119828,-0.15699747
-0.48415187,-0.09839873
-0.057030685,-0.15315947
-0.47362337,-0.095332906
0.08159431,-0.14734523
-0.48415187,-0.08900526
0.15512584,-0.13260476
-0.48415187,-0.07186629
0.12057002,-0.120376915
-0.47981662,-0.056531653
0.26536068,-0.13719828
-0.448231,-0.077436104
-0.08033574,-0.14413217
-0.4550436,-0.087991014
0.04784217,-0.14870958
-0.48105526,-0.0951557
0.14266966,-0.1517221
-0.48415187,-0.09920423
0.14146426,-0.1536861
-0.48415187,-0.10151146
0.12619537,-0.15483242
-0.48415187,-0.10254271
0.05788742,-0.15546745
-0.48415187,-0.10304935
0.1065066,-0.15588707
-0.48415187,-0.10328458
0.10128308,-0.15629846
-0.47362337,-0.10311745
-0.08435384,-0.15703642
-0.48415187,-0.1033759
0.105702974,-0.15787408
-0.48415187,-0.10401301
0.20776312,-0.15850079
-0.48415187,-0.10422449
0.11012293,-0.1591661
-0.47795862,-0.10465561
0.23709537,-0.15960702
-0.48415187,-0.10493879
0.22705007,-0.15975723
-0.48415187,-0.104885265
0.13222258,-0.15975589
-0.48415187,-0.10476135
-0.018054975,-0.15950632
-0.48291323,-0.104295775
0.14146426,-0.15916333
-0.47795862,-0.1037399
-0.018456757,-0.15889561
-0.48415187,-0.10424055
0.09003237,-0.15842953
-0.48415187,-0.104714945
0.11293563,-0.15806499
-0.48415187,-0.10533361
0.17843089,-0.15773126
-0.48415187,-0.10570173
0.17441277,-0.15751296
-0.48415187,-0.105931476
0.154724,-0.15723675
-0.48415187,-0.10587831
0.019715331,-0.15687606
-0.48415187,-0.10551737
-0.0682814,-0.15668795
-0.48415187,-0.105301484
0.17240374,-0.15640101
-0.48415187,-0.10492642
0.21258485,-0.15618059
-0.48415187,-0.10459493
0.11856099,-0.15605068
-0.48415187,-0.10438235
0.15070589,-0.15591398
-0.48415187,-0.10423507
-0.09681002,-0.15585414
-0.48415187,-0.10419838
0.182449,-0.15601769
-0.47671998,-0.10427432
0.14226788,-0.15626484
-0.48415187,-0.104157224
0.21981746,-0.15677297
-0.48415187,-0.1041006
0.1575367,-0.15733036
-0.48415187,-0.10391937
-0.02287671,-0.15807596
-0.48167458,-0.10381846
-0.18593381,-0.15882039
-0.450089,-0.10389213
-0.004708097,-0.15886167
-0.46185616,-0.103062645
0.21620119,-0.15947434
-0.48415187,-0.10350613
0.21780844,-0.16033223
-0.48415187,-0.104493305
0.16718017,-0.1604468
-0.48415187,-0.104656234
0.20253961,-0.16010854
-0.48415187,-0.10453962
0.19289608,-0.15941581
-0.48415187,-0.104696825
0.19088706,-0.1587666
-0.48415187,-0.105464
0.08239793,-0.1582121
-0.48415187,-0.1061575
-0.006000583,-0.15788573
-0.48415187,-0.106631264
0.20213777,-0.15770811
-0.48415187,-0.10701077
-0.030511092,-0.15752283
-0.48415187,-0.107121274
0.12177548,-0.15731543
-0.48105526,-0.10682373
0.07074538,-0.1569939
-0.48415187,-0.106284425
0.17360915,-0.15676647
-0.48415187,-0.10585959
0.14909863,-0.15659714
-0.48415187,-0.1055067
0.16918926,-0.15650478
-0.48415187,-0.105286226
0.13021348,-0.1564497
-0.48415187,-0.105058685
0.117355525,-0.15643722
-0.48415187,-0.10490997
0.17280553,-0.156351
-0.48415187,-0.104541615
0.14106242,-0.15634441
-0.48415187,-0.10401775
-0.0011788491,-0.15679827
-0.48415187,-0.10410802
0.19811966,-0.15733245
-0.47795862,-0.10453223
0.10731022,-0.15783656
-0.48415187,-0.105203435
0.16436747,-0.15828827
-0.48415187,-0.10608582
0.19008343,-0.15838948
-0.32496437,-0.106537506
0.1720019,-0.17069575
-0.28906444,-0.120773956
0.12177548,-0.16002032
-0.45937884,-0.10835241
0.17883272,-0.1596666
-0.48415187,-0.1077037
0.23830083,-0.15983939
-0.48415187,-0.10784154
0.20890692,-0.16066629
-0.48415187,-0.10955654
0.20454864,-0.16109338
-0.48415187,-0.11061834
0.24111348,-0.1613808
-0.48415187,-0.1111546
0.15552762,-0.16158122
-0.48415187,-0.11147864
0.1924943,-0.16174701
-0.4426571,-0.11182426
0.2057541,-0.16185442
-0.47671998,-0.11220811
0.013286352,-0.1622574
-0.48415187,-0.111170694
0.16396569,-0.16169003
-0.48415187,-0.11020188
0.1985215,-0.15993476
-0.48415187,-0.10806282
0.01529538,-0.15781742
-0.38815647,-0.106206164
-0.42629546,-0.1569224
-0.48353255,-0.10567413
0.104899354,-0.1567187
-0.48415187,-0.10558508
0.14789324,-0.15665123
-0.48415187,-0.10548304
0.1619566,-0.15867454
-0.48415187,-0.10933937
0.1780291,-0.16004324
-0.47981662,-0.11228086
0.17160012,-0.16179606
-0.48415187,-0.11351673
-0.038949154,-0.17000136
-0.48415187,-0.11972381
0.12057002,-0.16585967
-0.4822939,-0.10673191
0.15110773,-0.14970163
-0.47176537,-0.09000777
0.19811966,-0.15388831
-0.44946966,-0.097490355
0.09445226,-0.15113315
-0.43956044,-0.09399022
0.10610481,-0.15411782
-0.450089,-0.09286755
0.06953997,-0.15415981
-0.44699237,-0.08982502
0.18927981,-0.15512922
-0.44699237,-0.093850896
0.05186028,-0.15069345
-0.4581402,-0.089941174
-0.05100349,-0.14970294
-0.448231,-0.08946417
0.004446507,-0.1495541
-0.29649633,-0.089700565
0.18084174,-0.1501556
-0.43212855,-0.09075086
0.1619566,-0.15167591
-0.3813439,-0.09295273
0.14829502,-0.15457493
-0.43336722,-0.097133175
0.006053752,-0.15481085
-0.46928808,-0.09894477
0.21459395,-0.15505019
-0.4575209,-0.100062534
0.116953745,-0.15621653
-0.44451505,-0.10175468
0.059896506,-0.15687945
-0.45999822,-0.10269384
0.15392037,-0.15504366
-0.37221608,-0.10155888
0.26627305,-0.15458557
-0.45194694,-0.10190232
0.006053752,-0.1544252
-0.48415187,-0.10196559
0.08721966,-0.15475005
-0.48415187,-0.10228281
-0.14502738,-0.15497845
-0.48415187,-0.102280214
0.13382982,-0.1552636
-0.48167458,-0.10220514
0.15592946,-0.15559074
-0.43708315,-0.10152368
0.1310171,-0.15660444
-0.43956044,-0.101417735
0.13382982,-0.15788385
-0.44513443,-0.10178922
0.1659747,-0.15886387
-0.43770248,-0.10217966
0.05788742,-0.15949109
-0.4457537,-0.102402195
0.16235843,-0.15958235
-0.44699237,-0.10225861
0.12619537,-0.15939084
-0.4457537,-0.101933464
0.1543222,-0.15910798
-0.45380497,-0.10176779
0.13342798,-0.1586906
-0.45937884,-0.10163958
0.06833451,-0.15817758
-0.32288525,-0.10153644
0.22104293,-0.15764573
-0.42221937,-0.10126655
-0.088371955,-0.15720314
-0.43894112,-0.10078429
0.21620119,-0.15708816
-0.41478747,-0.10065596
0.22825553,-0.15681747
-0.3423264,-0.10028528
0.0036428848,-0.15625328
-0.45690155,-0.0995803
0.16959104,-0.15563539
-0.41850343,-0.0988244
0.16677833,-0.15516338
-0.43150923,-0.09827478
0.14708962,-0.15513214
-0.450089,-0.098241016
0.057485636,-0.15511215
-0.46433347,-0.09829797
0.14106242,-0.1552009
-0.47919726,-0.09871186
0.13141894,-0.15523535
-0.48415187,-0.09903149
-0.3391024,-0.15530047
-0.48415187,-0.09924944
0.10248849,-0.15557075
-0.48415187,-0.099608526
0.13744609,-0.15597275
-0.4575209,-0.0999919
0.19731604,-0.15665248
-0.448231,-0.10079788
0.17883272,-0.15732059
-0.4575209,-0.10173838
0.1197664,-0.15854758
-0.36957672,-0.10442801
-0.0047951783,-0.15916082
-0.48415187,-0.10611491
0.07114722,-0.16004407
-0.2208432,-0.108369485
0.20334323,-0.15970522
-0.09269988,-0.1087506
0.17602001,-0.16082078
-0.42221937,-0.11053829
-0.01644773,-0.16034958
-0.46061748,-0.1104698
0.12579359,-0.15991753
-0.48043594,-0.11046429
0.0876215,-0.1595901
-0.40178162,-0.10997285
0.16677833,-0.15878013
-0.47300404,-0.10897826
-0.10082813,-0.15949929
-0.41850343,-0.10985227
0.21981746,-0.16037479
-0.4550436,-0.11094104
-0.018858599,-0.16050306
-0.46433347,-0.110432014
-0.07913033,-0.16149113
-0.37948593,-0.10960986
0.09364864,-0.1575171
-0.34179604,-0.102308676
-0.07229951,-0.15601352
-0.41850343,-0.095565006
0.08239793,-0.15570173
-0.39373043,-0.09345676
-0.10283716,-0.15055183
-0.46061748,-0.08925916
0.06471824,-0.15186146
-0.44699237,-0.092750296
0.1647693,-0.14980182
-0.44699237,-0.09043765
0.12057002,-0.15050766
-0.48415187,-0.09122352
-0.12413318,-0.15131518
-0.45132768,-0.09251243
0.116953745,-0.15370727
-0.44761172,-0.09607938
0.17280553,-0.15567383
-0.4426571,-0.09914826
0.14708962,-0.15692997
-0.45628226,-0.10110603
-0.00037522684,-0.15773055
-0.3887758,-0.1022505
0.15914395,-0.15799895
-0.32622397,-0.102360055
0.11494466,-0.15813035
-0.34108776,-0.10232858
0.104899354,-0.15753216
-0.41912276,-0.101867124
-0.10725711,-0.15704677
-0.448231,-0.10141878
0.11132839,-0.15671217
-0.45442426,-0.10142018
0.15271497,-0.1559093
-0.44761172,-0.10098131
0.15592946,-0.15474287
-0.43646383,-0.100226805
0.15231313,-0.15387285
-0.43646383,-0.09986098
-0.025287576,-0.15317443
-0.45690155,-0.09969358
-0.10082813,-0.15270361
-0.44079912,-0.09968637
0.17762727,-0.15243846
-0.450089,-0.099739596
-0.057030685,-0.15227666
-0.48415187,-0.099387154
0.1619566,-0.15224704
-0.45937884,-0.100269005
0.08963053,-0.15272155
-0.44079912,-0.10115777
0.16637655,-0.1529921
-0.46928808,-0.10101293
0.15392037,-0.15294495
-0.4742427,-0.10027374
-0.13859841,-0.15302214
-0.48415187,-0.099848375
-0.07712124,-0.15311503
-0.48415187,-0.09952907
-0.0055988007,-0.15333715
-0.48415187,-0.09923272
0.15392037,-0.15389505
-0.4649528,-0.099180505
0.1197664,-0.15453216
-0.39620775,-0.09879042
-0.017653136,-0.15545869
-0.41850343,-0.09855281
0.23702921,-0.15688494
-0.4674301,-0.09909512
0.087909475,-0.15800837
-0.45194694,-0.09949885
-0.01644773,-0.15896598
-0.14199685,-0.100026056
-0.09198829,-0.15959087
-0.43646383,-0.100434884
0.19892327,-0.15965793
-0.32374668,-0.10024981
0.15713486,-0.1595028
-0.42469665,-0.09992604
0.66063225,-0.1590671
-0.45194694,-0.09933849
0.17320737,-0.15846151
-0.4457537,-0.09944458
0.10168487,-0.15780604
-0.4432764,-0.10023822
0.2479443,-0.15677837
-0.46433347,-0.09997629
0.024938906,-0.15594396
-0.48291323,-0.09933944
0.0016338002,-0.1552498
-0.47610065,-0.09852247
-0.3993741,-0.15473631
-0.45875958,-0.09782229
-0.061450582,-0.15424871
-0.48415187,-0.097353235
0.19972691,-0.15371111
-0.46433347,-0.09672977
-0.018456757,-0.15324494
-0.42593533,-0.09620984
-0.01644773,-0.15292236
-0.44699237,-0.09588511
0.11494466,-0.15285027
-0.44699237,-0.09591149
0.21137945,-0.1527575
-0.46619147,-0.09565379
-0.16672522,-0.15259284
-0.47114605,-0.095045626
0.13463344,-0.15277168
-0.3342752,-0.094749644
0.18807435,-0.15320104
-0.4742427,-0.09441377
0.12940986,-0.1540291
-0.48415187,-0.09409872
-0.3194136,-0.15536246
-0.42903194,-0.09440692
-0.12172231,-0.15658343
-0.23761235,-0.09509076
0.028555177,-0.15790823
-0.44203776,-0.09650034
-0.42227736,-0.15855512
-0.44761172,-0.09736101
-0.18601218,-0.15881166
-0.4507083,-0.09814672
-0.312181,-0.15891004
-0.47052673,-0.098919496
-0.14984915,-0.15889761
-0.48415187,-0.09975527
-0.19445021,-0.15888292
-0.48415187,-0.10065429
-0.416652,-0.15866035
-0.48415187,-0.101680264
-0.0827466,-0.15823078
-0.38815647,-0.10238974
-0.34914765,-0.15782925
-0.48415187,-0.10287641
-0.31419006,-0.15742901
-0.2816491,-0.10310535
-0.30655566,-0.15716085
-0.48415187,-0.1032462
-0.32744983,-0.15691572
0.4451841,-0.1030743
-0.3157973,-0.1563285
-0.43460587,-0.1022924
-0.12132053,-0.15592432
-0.448231,-0.101488575
-0.38209623,-0.1558747
-0.4773393,-0.10113157
-0.28887594,-0.15576985
-0.46185616,-0.1007161
-0.31619912,-0.15569392
-0.48105526,-0.10049014
-0.038547315,-0.15559438
-0.48415187,-0.100321874
-0.08917558,-0.15551129
-0.48415187,-0.10025789
-0.07792487,-0.15531638
-0.45380497,-0.099765286
-0.06627231,-0.15544781
-0.47981662,-0.09918539
-0.062656045,-0.15615219
-0.4742427,-0.09878944
-0.0333238,-0.15741763
-0.47981662,-0.09894179
-0.2961085,-0.15854457
-0.40116233,-0.09846716
0.035787776,-0.15934774
-0.48105526,-0.09837352
-0.09198829,-0.15958107
-0.44699237,-0.09765558
-0.0080096675,-0.15944636
-0.3838212,-0.09687571
-0.021671247,-0.15914509
-0.423458,-0.096254215
0.40820417,-0.15854868
-0.48043594,-0.09609641
0.01208089,-0.15807512
-0.47919726,-0.09630391
0.045431245,-0.15763465
-0.47548133,-0.09733005
-0.046583597,-0.15723374
-0.48415187,-0.09838723
0.026947932,-0.15694043
-0.4699074,-0.09916131
-0.039350938,-0.15678194
-0.39620775,-0.09980281
-0.063861445,-0.15661138
-0.44761172,-0.10005711
-0.08515747,-0.15653715
-0.47114605,-0.09964423
0.10369395,-0.15661791
-0.48415187,-0.09926222
-0.004393338,-0.15672818
-0.4742427,-0.09923847
-0.060245175,-0.15666929
-0.38815647,-0.09902556
-0.08957742,-0.15664703
-0.4550436,-0.09911506
-0.07471038,-0.15653342
-0.44885036,-0.09940885
-0.06787956,-0.15644428
-0.46123686,-0.09957807
-0.09319369,-0.15658998
-0.39992368,-0.100004986
-0.16150168,-0.15685225
-0.4773393,-0.10055776
-0.0610488,-0.15713385
-0.48415187,-0.10078339
-0.0019824714,-0.15739068
-0.48415187,-0.10090588
-0.0899792,-0.15747774
-0.48415187,-0.101147935
-0.017251354,-0.15757546
-0.48415187,-0.101633355
-0.07149589,-0.15848568
-0.48415187,-0.10390167
-0.07270129,-0.1648972
-0.48415187,-0.11271219
0.027751554,-0.16396815
-0.48415187,-0.106027886
-0.0743086,-0.15870321
-0.48415187,-0.10267688
-0.16993971,-0.15638813
-0.48415187,-0.10166989
-0.2217734,-0.15664458
-0.48415187,-0.10355912
-0.12935676,-0.15781048
-0.48415187,-0.10544236
-0.0019824714,-0.15719253
-0.48415187,-0.105150655
-0.024082113,-0.15664557
-0.48415187,-0.10463105
-0.075112216,-0.15731204
-0.48415187,-0.10547529
-0.07471038,-0.16101703
-0.48415187,-0.110244825
-0.059441555,-0.16140059
-0.48415187,-0.11111964
-0.18922667,-0.16518024
-0.48415187,-0.113370106
-0.10082813,-0.16512924
-0.47671998,-0.11279075
-0.069486804,-0.16286668
-0.48415187,-0.109938785
-0.059843335,-0.1616298
-0.48415187,-0.10893522
-0.11127522,-0.16085961
-0.48415187,-0.10879527
-0.1321694,-0.16028786
-0.48415187,-0.10896708
-0.100426294,-0.15980235
-0.48415187,-0.109157935
-0.0047951783,-0.15979582
-0.48415187,-0.109547004
-0.10364084,-0.15880504
-0.48415187,-0.10930924
-0.19645928,-0.15788606
-0.48415187,-0.107858345
-0.24025674,-0.15797514
-0.4822939,-0.10709192
-0.038547315,-0.15873393
-0.48415187,-0.10718708
-0.14301834,-0.15955165
-0.48415187,-0.10719578
-0.047789,-0.16162056
-0.48415187,-0.10952099
0.043824002,-0.1625176
-0.41974208,-0.11063956
0.14588416,-0.16269991
-0.48353255,-0.11065568
0.1065066,-0.16266558
-0.45132768,-0.11033438
0.14668778,-0.16245165
-0.44761172,-0.110407874
0.2274519,-0.16215831
-0.48415187,-0.11065577
0.040609512,-0.16206956
-0.48415187,-0.1118262
-0.0333238,-0.16151357
-0.48415187,-0.11216675
-0.016849512,-0.16103077
-0.48415187,-0.11220567
-0.020465842,-0.1608735
-0.48415187,-0.11246048
-0.10163175,-0.16049567
-0.17412491,-0.11229946
-0.042967267,-0.16024995
-0.26305276,-0.112028345
-0.042967267,-0.15981707
-0.4426571,-0.11135681
-0.052610736,-0.15943709
-0.43894112,-0.11064346
-0.07310313,-0.15924105
-0.44699237,-0.11023839
-0.1771723,-0.15911987
-0.47300404,-0.1100155
-0.20650455,-0.1590791
-0.48415187,-0.109971
0.117355525,-0.15917674
-0.48415187,-0.11014171
0.1575367,-0.15933385
-0.48415187,-0.11043577
0.13865155,-0.15944365
-0.48415187,-0.110659555
0.14467874,-0.1594339
-0.4438958,-0.11061396
0.09967584,-0.1594432
-0.26676875,-0.110315755
0.1619566,-0.1600774
-0.47300404,-0.11050813
0.25839138,-0.1588574
-0.36319664,-0.1074125
0.14508052,-0.15840903
-0.36338347,-0.10402422
-0.024082113,-0.15838337
-0.35471293,-0.101431176
0.18727073,-0.15844053
-0.4432764,-0.09993462
0.23789899,-0.15860191
-0.44699237,-0.0996315
0.18003812,-0.15829977
-0.44699237,-0.09978308
-0.033725582,-0.15784335
-0.44699237,-0.10045864
0.20053053,-0.15824646
-0.44699237,-0.10312103
0.110524766,-0.15825325
-0.44699237,-0.10479216
-0.14703645,-0.15817493
-0.44761172,-0.10603295
0.025742527,-0.15800053
-0.448231,-0.10679732
0.07074538,-0.15765414
-0.47857794,-0.10692988
-0.02247487,-0.15724388
-0.48415187,-0.10672282
-0.006000583,-0.15676793
-0.48415187,-0.10619666
0.01208089,-0.15639588
-0.48415187,-0.10568382
-0.18159226,-0.15606657
-0.48415187,-0.10519086
0.03297513,-0.15582153
-0.48415187,-0.104808554
0.029760638,-0.1556328
-0.48415187,-0.10452257
0.040609512,-0.15544978
-0.48415187,-0.10425876
0.041814975,-0.15556338
-0.48415187,-0.1041566
-0.15949261,-0.15550986
-0.48415187,-0.10307662
0.13061532,-0.15642783
-0.48415187,-0.102602884
0.05145844,-0.15809762
-0.48415187,-0.103095874
0.066727266,-0.15975085
-0.48415187,-0.10377644
0.09525589,-0.1608733
-0.48415187,-0.10436989
0.08681788,-0.16151258
-0.48415187,-0.10477482
0.079987064,-0.1616084
-0.48415187,-0.10478555
0.22865736,-0.16130498
-0.48415187,-0.104794964
-0.007607828,-0.16082063
-0.48415187,-0.1049193
0.039002266,-0.16027611
-0.48415187,-0.10473727
0.1065066,-0.15971401
-0.48415187,-0.10513799
0.1197664,-0.15905333
-0.48415187,-0.10546748
-0.12654404,-0.15863204
-0.48415187,-0.1061482
0.14508052,-0.15809938
-0.48415187,-0.10634647
0.11414104,-0.15767708
-0.48415187,-0.10627295
0.1330262,-0.15743768
-0.48415187,-0.10619642
0.07114722,-0.15714383
-0.48415187,-0.10587762
0.06150375,-0.15695405
-0.48415187,-0.10551824
-0.039350938,-0.15702793
-0.48415187,-0.10563512
0.10128308,-0.1572743
-0.48415187,-0.106190786
0.1197664,-0.15724528
-0.48415187,-0.10633047
0.13744609,-0.16154447
-0.48415187,-0.112305865
0.10329211,-0.16299817
-0.48415187,-0.11392091
0.098068595,-0.16165417
-0.48415187,-0.11027323
0.0643164,-0.15651259
-0.48415187,-0.10042767
-0.014840486,-0.15533987
-0.48415187,-0.09609346
0.13342798,-0.15519059
-0.48415187,-0.093095854
-0.011224157,-0.15043697
-0.48415187,-0.089653134
-0.11730242,-0.15305358
-0.48415187,-0.09455457
0.17320737,-0.15303615
-0.48415187,-0.094712004
0.0948541,-0.15334857
-0.48415187,-0.09459023
0.115748286,-0.15444794
-0.48415187,-0.09589949
-0.0682814,-0.15553594
-0.48415187,-0.097638115
0.06391462,-0.15663841
-0.48415187,-0.09961747
-0.004393338,-0.15750533
-0.48415187,-0.10136877
-0.17154695,-0.1580449
-0.4847712,-0.102751836
0.018911708,-0.15824756
-0.48415187,-0.10359083
0.05145844,-0.15810215
-0.48415187,-0.10384737
0.06552186,-0.15758887
-0.48415187,-0.103893265
-0.03734191,-0.1566745
-0.48415187,-0.103282526
-0.059039712,-0.15432546
-0.48415187,-0.09987055
-0.15346545,-0.15305638
-0.48415187,-0.09939675
-0.1731542,-0.15278381
-0.48415187,-0.099690035
-0.1659216,-0.15318495
-0.48415187,-0.10020207
-0.17757413,-0.15338174
-0.48415187,-0.10040043
