actual,predicted
400.0375,404.75574
400.03375,405.8587
400.09375,408.88934
400.0025,412.4182
399.6775,403.96497
399.99625,398.17535
399.9975,402.10522
399.82626,399.16812
399.60376,401.4893
399.88626,399.22037
400.20874,400.81985
399.8475,399.44604
400.04626,399.8806
399.94125,399.04166
399.93124,399.84412
399.94876,399.47388
400.0275,400.99286
400.02875,401.8596
400.0225,402.14774
399.8525,398.5619
400.06375,393.63348
306.635,387.94623
200.1325,216.03326
241.26375,295.0448
369.98874,360.50574
369.915,378.5377
369.9925,377.207
369.96,374.3862
369.77,378.3587
369.975,367.90158
369.92874,384.23807
369.77625,362.10358
369.75375,360.83078
369.875,355.71228
369.80875,308.53418
300.255,249.43568
119.89624,205.21255
242.39,214.33598
240.28375,251.59453
239.98,260.38193
284.2725,289.89648
310.1625,312.07935
310.485,333.94476
319.99625,342.82758
367.225,337.68747
400.00876,389.80356
399.965,411.8833
400.0025,408.60773
399.84375,408.12976
399.9225,413.3705
399.86624,411.225
400.0075,403.2476
400.07376,399.1469
399.845,401.31494
400.0425,400.8545
399.655,401.62543
399.90375,401.38876
399.87625,400.58505
400.02875,401.07358
399.8675,399.70016
400.08,400.52182
400.08,399.41742
399.9625,400.27576
400.13,399.4054
400.06125,401.0328
400.105,401.477
400.12125,402.34125
400.0875,398.88217
399.985,394.38422
400.03375,388.04242
346.65625,382.02756
200.15,162.609
216.29875,246.13493
381.3275,334.5795
380.11124,381.87778
379.9075,380.58835
379.995,374.5686
379.97876,379.23062
379.9675,378.89044
379.8375,374.5602
379.915,378.83136
379.9525,370.8267
379.835,353.7382
310.4975,286.99097
132.04373,195.62483
230.7125,212.14478
240.195,246.30756
240.115,258.21216
288.1675,286.32294
319.83,310.85156
320.025,334.06516
319.87375,344.0679
354.30374,339.49634
399.95,375.13174
400.00375,413.26746
409.6775,408.59875
440.25626,412.01337
440.07376,438.35776
416.39874,438.16486
400.085,419.43674
399.91,404.30377
400.07,410.83307
399.9175,402.47754
399.86624,395.59744
400.00626,397.96487
399.74,401.0611
399.965,403.4329
399.96375,401.4154
400.19876,402.505
400.17874,401.1881
399.995,401.87115
400.05624,400.93683
399.985,402.50577
399.88876,402.6236
400.07126,403.29364
400.065,399.99078
400.08124,395.2273
426.4175,388.2606
439.87375,406.70673
432.0925,407.935
206.72375,388.83417
199.96375,264.38644
336.27374,364.35687
379.88376,400.90356
379.94626,402.20645
379.9025,397.66443
379.91,389.33887
379.92874,388.82248
380.005,378.10114
379.72,386.6
379.85876,377.1035
373.43875,341.95044
125.77124,220.15512
240.1675,194.99911
239.87625,251.4069
248.61,259.4364
320.13626,293.84412
320.26376,325.01758
320.025,332.83972
320.36624,370.6926
374.76624,340.1635
400.0175,399.17755
399.7075,412.74448
400.12625,402.2476
400.06375,407.09988
399.9675,409.99557
400.10376,413.5694
399.875,400.97806
400.0025,401.9616
400.21,401.7968
399.83,403.25732
400.01,402.4126
419.79,403.45636
419.9875,418.01602
419.88126,415.18134
419.99875,416.94058
419.92,418.77505
419.88876,419.45532
419.96,421.387
420.0325,415.14886
408.55124,419.12234
399.91876,405.14572
399.915,401.28885
400.01624,396.16864
400.165,389.82703
400.07126,384.364
399.88626,369.7287
313.68,351.86313
195.01123,141.0515
221.23375,284.72693
364.76624,374.30133
354.9325,384.25952
354.81876,376.09793
343.2575,366.0107
335.3825,363.7609
334.90125,359.12778
334.7375,353.0827
334.855,351.68524
335.06625,342.10693
291.7575,312.25354
234.6625,213.14888
227.205,186.22418
136.21375,222.07527
234.87875,239.68156
280.3075,277.5336
314.9675,305.83923
315.08624,335.54782
315.365,341.6184
315.17,342.3543
315.42374,346.9583
346.16125,339.51434
400.0975,357.60272
400.26376,407.38715
400.13376,409.2539
399.90875,409.0715
399.97125,413.27756
399.8475,416.07352
400.00375,410.25266
400.035,399.28506
399.915,403.82
400.0675,401.7505
399.935,402.65643
400.05,402.77585
400.21,401.83914
399.98376,402.66214
400.04126,400.96094
399.96124,401.8674
399.895,400.1365
400.01376,400.4857
400.0075,398.82288
418.515,398.74323
419.97,414.81323
419.86374,411.27628
420.04626,410.59283
301.11624,400.79907
210.03874,209.6701
211.10376,321.75696
380.73126,386.4897
379.84375,407.3977
379.8925,403.38925
379.8,398.97656
379.855,403.96808
379.5525,391.13123
359.8775,385.71964
360.02124,362.75378
359.73874,365.01376
359.8375,342.3799
220.04248,208.93275
68.67624,135.1762
132.73,172.95479
163.36874,205.48987
204.29124,240.093
239.66376,268.8644
282.27124,293.57446
299.9925,328.2036
300.1125,340.32294
299.93124,323.9336
325.90625,339.5378
378.07126,353.15976
399.89,402.022
399.93,411.0801
401.03375,410.91135
439.84625,414.63797
440.00626,446.0054
439.97125,440.7323
443.49625,434.78845
455.2275,440.3974
454.9675,453.47125
454.84375,454.17242
455.0675,446.09558
455.05,456.8313
455.02875,451.78613
454.99,458.7373
455.125,453.25748
455.0625,460.2107
454.9675,456.36847
455.0575,459.86652
455.15875,456.6821
454.92,456.04755
455.16626,451.06046
455.005,446.65942
454.95,438.68225
455.66125,428.34656
454.87875,412.5617
454.97876,394.0507
208.63998,391.90555
199.99126,285.91757
347.05624,374.1318
399.7925,421.14813
399.79,406.4135
399.8625,387.30463
399.87,382.4723
399.8775,387.81552
399.6975,385.5402
399.9825,388.72006
275.24625,380.9087
120.006256,173.98878
228.685,215.20047
240.47375,246.05592
239.9225,257.52557
280.21625,285.38647
314.9125,307.48584
315.22,336.86786
373.34,341.75027
394.9425,376.39703
394.94876,407.19897
394.95126,409.09387
394.9025,409.0175
395.03876,406.8547
395.145,411.6762
395.09375,389.04657
394.8875,399.3138
394.92126,395.70865
394.86,400.54224
394.9725,400.25073
394.94,400.18817
396.7,399.97595
399.9475,399.08875
400.085,401.08102
399.95126,399.35037
400.04874,400.9956
399.92,399.80078
400.14874,401.27505
399.97375,400.36566
400.025,400.575
400.14374,402.03937
400.14,402.03012
400.21625,398.37802
400.01376,393.48734
400.04874,387.34402
400.02,380.71643
399.91125,357.58453
206.645,306.94363
199.97874,249.73929
352.40375,353.08862
390.89124,382.18008
379.8,378.97147
379.975,373.1175
379.8875,364.55408
379.79376,370.91083
380.0,363.0948
379.86874,381.64404
379.77124,362.50882
290.71124,277.55426
119.8475,188.73235
232.04124,222.75595
240.0625,260.23795
239.96124,268.99823
309.92126,297.6592
320.00375,323.29572
320.195,339.6428
327.9675,344.5153
399.8375,345.27264
400.04,409.98038
400.23874,413.58148
400.1025,405.45923
399.96625,409.93356
399.98624,411.50735
399.9475,413.19614
399.99875,389.78458
399.7675,406.7786
399.84375,397.77957
400.165,405.3228
400.075,401.28543
399.9025,403.60074
400.0975,400.78915
400.11374,401.99756
399.835,400.27945
399.7425,400.84686
400.1275,399.36887
399.965,400.5864
399.985,399.9115
385.5275,401.6744
360.225,388.86176
360.735,344.31305
365.06876,350.4274
365.10626,340.16196
254.925,315.6128
200.0025,190.54483
289.405,264.69965
399.95,347.90515
399.79376,381.85056
399.7075,397.50375
399.88626,397.91718
399.835,397.71884
399.905,389.59305
384.8925,387.76703
379.87375,373.7923
380.20624,329.9663
379.87,272.70288
333.785,232.65572
147.8525,210.42737
119.943756,208.2186
235.99,220.95787
239.70125,244.40489
240.3025,267.02225
274.96875,287.61386
310.35626,309.5019
310.28,345.48557
309.94876,333.4383
345.82,337.19586
399.57376,360.88968
