time,y_true,y_pred
2025-11-21 03:53:00,380.625,369.55475
2025-11-21 04:03:00,379.7625,368.05246
2025-11-21 04:13:00,380.0625,367.97015
2025-11-21 04:23:00,379.575,367.2353
2025-11-21 04:33:00,380.325,365.9029
2025-11-21 04:43:00,379.9875,364.20312
2025-11-21 04:53:00,379.7625,363.72678
2025-11-21 05:03:00,378.7125,361.7454
2025-11-21 05:13:00,378.5625,359.54083
2025-11-21 05:23:00,380.2875,358.0848
2025-11-21 05:33:00,379.9875,356.2854
2025-11-21 05:43:00,238.2375,355.58078
2025-11-21 05:53:00,119.925,243.66376
2025-11-21 06:03:00,120.2625,150.60616
2025-11-21 06:13:00,119.5875,145.8738
2025-11-21 06:23:00,120.6375,146.83395
2025-11-21 06:33:00,242.2125,152.58733
2025-11-21 06:43:00,241.0875,250.80798
2025-11-21 06:53:00,239.7375,256.04492
2025-11-21 07:03:00,238.275,255.35596
2025-11-21 07:13:00,239.775,258.40457
2025-11-21 07:23:00,238.5,263.15347
2025-11-21 07:33:00,239.025,272.43054
2025-11-21 07:43:00,238.3125,281.87595
2025-11-21 07:53:00,241.3125,282.60364
2025-11-21 08:03:00,314.5125,283.09644
2025-11-21 08:13:00,314.8875,322.5758
2025-11-21 08:23:00,313.95,319.65756
2025-11-21 08:33:00,315.7125,315.9626
2025-11-21 08:43:00,315.7125,320.55286
2025-11-21 08:53:00,313.2375,328.65234
2025-11-21 09:03:00,316.275,335.6938
2025-11-21 09:13:00,314.025,334.10995
2025-11-21 09:23:00,316.2375,334.10956
2025-11-21 09:33:00,315.5625,332.36603
2025-11-21 09:43:00,315.3375,334.021
2025-11-21 09:53:00,317.175,330.27332
2025-11-21 10:03:00,315.225,327.85226
2025-11-21 10:13:00,315.5625,335.82837
2025-11-21 10:23:00,399.75,337.85358
2025-11-21 10:33:00,400.5375,398.54532
2025-11-21 10:43:00,399.1125,397.98407
2025-11-21 10:53:00,399.975,400.02045
2025-11-21 11:03:00,400.7625,401.9748
2025-11-21 11:13:00,400.3875,405.78107
2025-11-21 11:23:00,399.45,415.5432
2025-11-21 11:33:00,400.0875,410.2345
2025-11-21 11:43:00,398.325,413.14062
2025-11-21 11:53:00,400.125,416.41425
2025-11-21 12:03:00,400.875,412.98563
2025-11-21 12:13:00,399.825,408.65707
2025-11-21 12:23:00,398.8875,406.32788
2025-11-21 12:33:00,401.025,411.75415
2025-11-21 12:43:00,400.3875,413.88428
2025-11-21 12:53:00,399.375,414.27277
2025-11-21 13:03:00,398.4375,415.94623
2025-11-21 13:13:00,400.1625,413.83432
2025-11-21 13:23:00,400.5375,412.63184
2025-11-21 13:33:00,399.4125,408.08582
2025-11-21 13:43:00,400.95,405.99802
2025-11-21 13:53:00,399.7875,406.82556
2025-11-21 14:03:00,400.9125,408.8619
2025-11-21 14:13:00,400.6125,409.60376
2025-11-21 14:23:00,399.4125,409.58774
2025-11-21 14:33:00,399.225,408.05527
2025-11-21 14:43:00,400.5,409.27277
2025-11-21 14:53:00,400.4625,407.88623
2025-11-21 15:03:00,400.05,407.8121
2025-11-21 15:13:00,399.75,409.46616
2025-11-21 15:23:00,398.925,406.99707
2025-11-21 15:33:00,399.7125,407.9104
2025-11-21 15:43:00,400.2,406.7659
2025-11-21 15:53:00,400.575,406.7608
2025-11-21 16:03:00,399.225,405.44342
2025-11-21 16:13:00,400.0875,405.61447
2025-11-21 16:23:00,400.6125,404.718
2025-11-21 16:33:00,398.8125,404.4157
2025-11-21 16:43:00,399.4875,404.8722
2025-11-21 16:53:00,399.4125,405.26227
2025-11-21 17:03:00,400.6125,404.5602
2025-11-21 17:13:00,400.5375,405.1276
2025-11-21 17:23:00,399.675,403.72894
2025-11-21 17:33:00,399.6,404.4711
2025-11-21 17:43:00,400.5,404.00595
2025-11-21 17:53:00,399.7125,404.71027
2025-11-21 18:03:00,400.275,404.74524
2025-11-21 18:13:00,399.4875,405.55353
2025-11-21 18:23:00,400.3875,405.4163
2025-11-21 18:33:00,399.6375,404.64328
2025-11-21 18:43:00,399.975,403.8473
2025-11-21 18:53:00,400.275,404.32065
2025-11-21 19:03:00,399.975,406.21942
2025-11-21 19:13:00,399.3,406.2753
2025-11-21 19:23:00,399.75,407.08957
2025-11-21 19:33:00,401.0625,406.3785
2025-11-21 19:43:00,400.1625,406.7627
2025-11-21 19:53:00,400.275,407.7497
2025-11-21 20:03:00,380.6625,406.7108
2025-11-21 20:13:00,379.425,393.06802
2025-11-21 20:23:00,381.0,393.2037
2025-11-21 20:33:00,380.8125,393.7172
2025-11-21 20:43:00,380.1,393.91586
2025-11-21 20:53:00,379.4625,395.37872
2025-11-21 21:03:00,380.4375,396.99216
2025-11-21 21:13:00,379.725,402.74454
2025-11-21 21:23:00,380.0625,401.95538
2025-11-21 21:33:00,379.05,403.4089
2025-11-21 21:43:00,380.4375,403.16458
2025-11-21 21:53:00,380.7375,404.96762
2025-11-21 22:03:00,381.825,403.63217
2025-11-21 22:13:00,380.7,401.47025
2025-11-21 22:23:00,379.8375,401.42743
2025-11-21 22:33:00,380.625,402.1484
2025-11-21 22:43:00,379.9875,403.72952
2025-11-21 22:53:00,381.3,403.62338
2025-11-21 23:03:00,380.025,402.8684
2025-11-21 23:13:00,188.55,403.22458
2025-11-21 23:23:00,190.6875,259.9534
2025-11-21 23:33:00,190.0875,247.95932
2025-11-21 23:43:00,190.2375,245.87155
2025-11-21 23:53:00,189.9375,247.88506
2025-11-22 00:03:00,189.6375,253.09735
2025-11-22 00:13:00,190.2,257.04382
2025-11-22 00:23:00,379.4625,300.10846
2025-11-22 00:33:00,380.925,403.44305
2025-11-22 00:43:00,379.0125,390.31866
2025-11-22 00:53:00,380.2125,387.1845
2025-11-22 01:03:00,380.5875,388.39935
2025-11-22 01:13:00,378.45,395.0156
2025-11-22 01:23:00,379.2375,410.51556
2025-11-22 01:33:00,379.2375,418.69583
2025-11-22 01:43:00,380.7375,413.65567
2025-11-22 01:53:00,379.9875,408.40775
2025-11-22 02:03:00,380.1375,403.11057
2025-11-22 02:13:00,380.175,396.57962
2025-11-22 02:23:00,359.325,387.87573
2025-11-22 02:33:00,359.5875,373.82327
2025-11-22 02:43:00,359.925,371.6825
2025-11-22 02:53:00,359.925,370.35297
2025-11-22 03:03:00,360.225,370.1216
2025-11-22 03:13:00,361.1625,370.11267
2025-11-22 03:23:00,360.675,370.25113
2025-11-22 03:33:00,360.5625,375.93707
2025-11-22 03:43:00,359.5875,374.67105
2025-11-22 03:53:00,359.6625,373.4807
2025-11-22 04:03:00,358.9125,370.74265
2025-11-22 04:13:00,359.3625,370.65558
2025-11-22 04:23:00,359.7,367.87274
2025-11-22 04:33:00,360.4875,363.99863
2025-11-22 04:43:00,360.1125,363.4718
2025-11-22 04:53:00,360.4875,362.92578
2025-11-22 05:03:00,359.55,360.04114
2025-11-22 05:13:00,359.775,360.68567
2025-11-22 05:23:00,360.0,360.1494
2025-11-22 05:33:00,359.4,358.17493
2025-11-22 05:43:00,358.95,357.14944
2025-11-22 05:53:00,239.98125,357.06497
2025-11-22 06:03:00,119.775,258.51437
2025-11-22 06:13:00,119.925,165.05005
2025-11-22 06:23:00,120.1875,157.74855
2025-11-22 06:33:00,120.675,156.03673
2025-11-22 06:43:00,119.85,160.92029
2025-11-22 06:53:00,240.15,174.70097
2025-11-22 07:03:00,240.375,272.7593
2025-11-22 07:13:00,240.4125,281.45312
2025-11-22 07:23:00,120.7125,279.03864
2025-11-22 07:33:00,119.9625,191.11891
2025-11-22 07:43:00,239.6625,194.84535
2025-11-22 07:53:00,240.4125,281.99533
2025-11-22 08:03:00,241.65,274.71204
2025-11-22 08:13:00,239.1375,273.85068
2025-11-22 08:23:00,299.1,273.781
2025-11-22 08:33:00,299.9625,318.67273
2025-11-22 08:43:00,300.4125,328.64075
2025-11-22 08:53:00,296.7,318.24014
2025-11-22 09:03:00,300.6375,318.44464
2025-11-22 09:13:00,299.9625,321.1475
2025-11-22 09:23:00,299.775,327.16788
2025-11-22 09:33:00,300.225,324.24304
2025-11-22 09:43:00,299.625,318.55823
2025-11-22 09:53:00,301.0125,329.1326
2025-11-22 10:03:00,299.1,328.26526
2025-11-22 10:13:00,300.0375,327.86447
2025-11-22 10:23:00,299.9625,326.55533
2025-11-22 10:33:00,298.4625,332.341
2025-11-22 10:43:00,395.4375,333.67468
2025-11-22 10:53:00,400.05,336.8229
2025-11-22 11:03:00,401.625,405.7342
2025-11-22 11:13:00,399.1875,403.913
2025-11-22 11:23:00,399.675,405.2465
2025-11-22 11:33:00,400.575,409.79044
2025-11-22 11:43:00,399.675,415.24368
2025-11-22 11:53:00,401.4375,423.73932
2025-11-22 12:03:00,400.0875,422.4213
2025-11-22 12:13:00,399.7125,418.6687
2025-11-22 12:23:00,399.225,416.9446
2025-11-22 12:33:00,399.975,417.21057
2025-11-22 12:43:00,400.8375,412.27417
2025-11-22 12:53:00,399.15,416.39716
2025-11-22 13:03:00,400.6125,419.1102
2025-11-22 13:13:00,399.75,418.7783
2025-11-22 13:23:00,400.0125,424.86563
2025-11-22 13:33:00,400.725,423.37
2025-11-22 13:43:00,400.5375,421.66248
2025-11-22 13:53:00,399.3,421.95346
2025-11-22 14:03:00,400.125,422.42596
2025-11-22 14:13:00,399.6375,424.72742
2025-11-22 14:23:00,399.6,423.71497
2025-11-22 14:33:00,401.23126,424.00656
2025-11-22 14:43:00,400.2,427.4036
2025-11-22 14:53:00,399.3375,426.76562
2025-11-22 15:03:00,400.3875,425.12012
2025-11-22 15:13:00,399.5625,425.01672
2025-11-22 15:23:00,400.425,425.7677
2025-11-22 15:33:00,400.425,427.76636
2025-11-22 15:43:00,400.8375,428.63882
2025-11-22 15:53:00,440.5875,428.07822
2025-11-22 16:03:00,419.8125,458.29388
2025-11-22 16:13:00,419.2125,441.26065
2025-11-22 16:23:00,420.3375,440.84253
2025-11-22 16:33:00,440.25,444.83954
2025-11-22 16:43:00,439.9125,460.22482
2025-11-22 16:53:00,438.5625,459.64197
2025-11-22 17:03:00,440.25,457.23907
2025-11-22 17:13:00,440.5875,458.4614
2025-11-22 17:23:00,440.2125,458.17313
2025-11-22 17:33:00,439.9875,458.66187
2025-11-22 17:43:00,441.1875,457.60834
2025-11-22 17:53:00,438.9375,454.99158
2025-11-22 18:03:00,439.9125,453.33945
2025-11-22 18:13:00,439.9875,452.66617
2025-11-22 18:23:00,439.2375,451.06702
2025-11-22 18:33:00,440.175,448.5468
2025-11-22 18:43:00,440.1375,448.86102
2025-11-22 18:53:00,419.7375,447.50122
2025-11-22 19:03:00,420.225,432.12408
2025-11-22 19:13:00,419.8875,430.14166
2025-11-22 19:23:00,419.4,428.808
2025-11-22 19:33:00,420.6,430.84793
2025-11-22 19:43:00,420.45,430.85593
2025-11-22 19:53:00,419.55,430.09244
2025-11-22 20:03:00,419.775,433.38492
2025-11-22 20:13:00,419.8875,432.7462
2025-11-22 20:23:00,419.3625,432.7269
2025-11-22 20:33:00,420.6,433.85403
2025-11-22 20:43:00,420.6375,432.57883
2025-11-22 20:53:00,420.0,432.68338
2025-11-22 21:03:00,420.075,428.9039
2025-11-22 21:13:00,420.4125,429.98737
2025-11-22 21:23:00,420.6,429.60437
2025-11-22 21:33:00,420.9375,430.16077
2025-11-22 21:43:00,401.175,428.78748
2025-11-22 21:53:00,399.2625,414.48877
2025-11-22 22:03:00,400.275,413.22464
2025-11-22 22:13:00,399.675,411.79697
2025-11-22 22:23:00,400.2375,412.5869
2025-11-22 22:33:00,400.3875,413.25323
2025-11-22 22:43:00,399.45,413.92056
2025-11-22 22:53:00,400.275,417.44943
2025-11-22 23:03:00,399.8625,417.80554
2025-11-22 23:13:00,399.975,417.81406
2025-11-22 23:23:00,400.05,418.61234
2025-11-22 23:33:00,400.0875,416.4434
2025-11-22 23:43:00,399.675,414.96747
2025-11-22 23:53:00,399.6375,412.595
2025-11-23 00:03:00,200.1,410.76517
2025-11-23 00:13:00,200.1,252.349
2025-11-23 00:23:00,199.6875,239.09569
2025-11-23 00:33:00,199.65,234.44064
2025-11-23 00:43:00,200.2875,235.12816
2025-11-23 00:53:00,199.725,239.28879
2025-11-23 01:03:00,199.1625,248.99579
2025-11-23 01:13:00,350.4375,293.68597
2025-11-23 01:23:00,349.425,373.0104
2025-11-23 01:33:00,351.4125,363.96667
2025-11-23 01:43:00,350.7,360.04935
2025-11-23 01:53:00,349.275,363.14087
2025-11-23 02:03:00,349.875,368.58478
2025-11-23 02:13:00,349.7625,377.90985
2025-11-23 02:23:00,349.6875,379.19446
2025-11-23 02:33:00,349.35,378.28818
2025-11-23 02:43:00,349.725,374.4454
2025-11-23 02:53:00,349.5375,370.57883
2025-11-23 03:03:00,350.025,366.72778
2025-11-23 03:13:00,350.025,360.75842
2025-11-23 03:23:00,351.3,362.92072
2025-11-23 03:33:00,350.85,362.1504
2025-11-23 03:43:00,379.4625,361.79697
2025-11-23 03:53:00,378.9375,383.60645
2025-11-23 04:03:00,380.025,380.763
2025-11-23 04:13:00,379.275,382.0512
2025-11-23 04:23:00,379.3125,379.24063
2025-11-23 04:33:00,380.1375,379.30197
2025-11-23 04:43:00,380.5125,380.73358
2025-11-23 04:53:00,380.475,378.63193
2025-11-23 05:03:00,379.95,377.65314
2025-11-23 05:13:00,378.9375,374.8403
2025-11-23 05:23:00,379.6875,373.83353
2025-11-23 05:33:00,0.0,372.09338
2025-11-23 05:43:00,0.0,78.23352
2025-11-23 05:53:00,190.125,62.42639
2025-11-23 06:03:00,0.0,199.7392
2025-11-23 06:13:00,0.0,58.831573
2025-11-23 06:23:00,119.55,63.65213
2025-11-23 06:33:00,120.0375,168.29529
2025-11-23 06:43:00,119.8125,195.5338
2025-11-23 06:53:00,240.15,204.94743
2025-11-23 07:03:00,121.2,290.33524
2025-11-23 07:13:00,120.0,201.86292
2025-11-23 07:23:00,119.3625,213.13153
2025-11-23 07:33:00,119.8875,201.90814
2025-11-23 07:43:00,241.65,185.76901
2025-11-23 07:53:00,240.15,268.6347
2025-11-23 08:03:00,241.1625,267.1388
2025-11-23 08:13:00,236.925,266.51544
2025-11-23 08:23:00,240.5625,268.0663
2025-11-23 08:33:00,318.825,282.36905
2025-11-23 08:43:00,320.2875,348.55005
2025-11-23 08:53:00,321.525,340.04468
2025-11-23 09:03:00,319.6125,338.52484
2025-11-23 09:13:00,318.825,338.56577
2025-11-23 09:23:00,318.375,338.55023
2025-11-23 09:33:00,319.2,338.31702
2025-11-23 09:43:00,321.4125,337.34857
2025-11-23 09:53:00,319.5375,347.50986
2025-11-23 10:03:00,322.6875,345.39545
2025-11-23 10:13:00,319.875,347.009
2025-11-23 10:23:00,399.9,346.95868
2025-11-23 10:33:00,400.125,397.5379
2025-11-23 10:43:00,400.65,400.72473
2025-11-23 10:53:00,400.5,403.43225
2025-11-23 11:03:00,400.8,408.12518
2025-11-23 11:13:00,401.4,413.65106
2025-11-23 11:23:00,399.9,420.7619
2025-11-23 11:33:00,398.7,419.1802
2025-11-23 11:43:00,400.725,419.6878
2025-11-23 11:53:00,400.0875,417.44693
2025-11-23 12:03:00,399.6,415.6943
2025-11-23 12:13:00,400.5,414.0463
2025-11-23 12:23:00,400.35,409.802
2025-11-23 12:33:00,400.9125,415.09113
2025-11-23 12:43:00,441.0375,417.23145
2025-11-23 12:53:00,440.85,445.09973
2025-11-23 13:03:00,439.8375,445.99905
2025-11-23 13:13:00,441.3,444.62756
2025-11-23 13:23:00,440.4375,445.79074
2025-11-23 13:33:00,440.1,448.8639
2025-11-23 13:43:00,439.9125,453.16208
2025-11-23 13:53:00,439.5375,452.76193
2025-11-23 14:03:00,439.9125,451.01184
2025-11-23 14:13:00,440.1375,449.23654
2025-11-23 14:23:00,439.65,449.93518
2025-11-23 14:33:00,440.925,447.65543
2025-11-23 14:43:00,440.55,446.0884
2025-11-23 14:53:00,439.5,446.69272
2025-11-23 15:03:00,439.65,446.54572
2025-11-23 15:13:00,439.9125,445.5901
2025-11-23 15:23:00,439.1625,446.86154
2025-11-23 15:33:00,440.175,447.11197
2025-11-23 15:43:00,440.0625,447.0832
2025-11-23 15:53:00,419.5875,450.05994
2025-11-23 16:03:00,419.1,434.2904
2025-11-23 16:13:00,418.9875,433.51428
2025-11-23 16:23:00,419.25,433.6089
2025-11-23 16:33:00,420.0375,432.53867
2025-11-23 16:43:00,419.9625,433.5166
2025-11-23 16:53:00,419.8875,433.8351
2025-11-23 17:03:00,399.8625,437.1795
2025-11-23 17:13:00,399.4125,422.8872
2025-11-23 17:23:00,400.2375,421.5451
2025-11-23 17:33:00,399.6375,420.45477
2025-11-23 17:43:00,439.7625,421.21124
2025-11-23 17:53:00,440.55,446.03766
2025-11-23 18:03:00,439.3125,446.1178
2025-11-23 18:13:00,439.5,446.10516
2025-11-23 18:23:00,440.025,448.02698
2025-11-23 18:33:00,439.425,450.14423
2025-11-23 18:43:00,439.3125,454.03925
2025-11-23 18:53:00,440.5875,453.94604
2025-11-23 19:03:00,439.6125,453.46423
2025-11-23 19:13:00,440.4375,453.35117
2025-11-23 19:23:00,438.825,454.84344
2025-11-23 19:33:00,439.425,452.19034
2025-11-23 19:43:00,440.9625,452.09085
2025-11-23 19:53:00,440.175,455.2918
2025-11-23 20:03:00,439.5375,456.02905
2025-11-23 20:13:00,440.1375,457.08466
2025-11-23 20:23:00,439.95,455.96112
2025-11-23 20:33:00,439.275,457.33862
2025-11-23 20:43:00,439.5,457.5456
2025-11-23 20:53:00,439.9125,457.40845
2025-11-23 21:03:00,439.425,458.6667
2025-11-23 21:13:00,440.7375,460.98077
2025-11-23 21:23:00,440.5125,461.51514
2025-11-23 21:33:00,439.05,462.04645
2025-11-23 21:43:00,440.625,463.84476
2025-11-23 21:53:00,440.2125,465.1869
2025-11-23 22:03:00,439.95,466.31116
2025-11-23 22:13:00,439.275,466.72943
2025-11-23 22:23:00,440.23126,465.96442
2025-11-23 22:33:00,441.975,466.32855
2025-11-23 22:43:00,441.0375,466.40607
2025-11-23 22:53:00,440.4,465.35516
2025-11-23 23:03:00,438.9375,465.47522
2025-11-23 23:13:00,441.1875,465.71133
2025-11-23 23:23:00,220.4625,463.92307
2025-11-23 23:33:00,220.275,290.3968
2025-11-23 23:43:00,220.8,281.1648
2025-11-23 23:53:00,220.5,279.04187
2025-11-24 00:03:00,221.175,280.10284
2025-11-24 00:13:00,218.8125,278.2566
2025-11-24 00:23:00,220.2375,292.43494
2025-11-24 00:33:00,439.2,333.43304
2025-11-24 00:43:00,440.2875,449.21222
2025-11-24 00:53:00,440.6625,437.43848
2025-11-24 01:03:00,359.3625,433.38983
2025-11-24 01:13:00,360.1875,377.68985
2025-11-24 01:23:00,359.7375,387.43332
2025-11-24 01:33:00,359.775,401.982
2025-11-24 01:43:00,360.45,390.23196
2025-11-24 01:53:00,359.4,387.36884
2025-11-24 02:03:00,361.5,389.61322
2025-11-24 02:13:00,359.1375,400.71964
2025-11-24 02:23:00,359.7,393.0011
2025-11-24 02:33:00,359.7375,387.6383
2025-11-24 02:43:00,360.4875,398.45273
2025-11-24 02:53:00,358.3875,396.5956
2025-11-24 03:03:00,360.45,395.0646
2025-11-24 03:13:00,359.5875,383.4702
2025-11-24 03:23:00,359.7,382.38354
2025-11-24 03:33:00,359.025,382.1686
2025-11-24 03:43:00,359.925,380.85825
2025-11-24 03:53:00,360.7875,380.78394
2025-11-24 04:03:00,360.525,379.0507
2025-11-24 04:13:00,359.55,378.5643
2025-11-24 04:23:00,348.7125,376.0337
2025-11-24 04:33:00,320.4375,374.49918
2025-11-24 04:43:00,318.525,343.55344
2025-11-24 04:53:00,359.25,340.0578
2025-11-24 05:03:00,360.15,369.56833
2025-11-24 05:13:00,359.7375,368.9413
2025-11-24 05:23:00,358.3875,367.49567
2025-11-24 05:33:00,360.3,366.3577
2025-11-24 05:43:00,359.775,365.8904
2025-11-24 05:53:00,0.0,365.71725
2025-11-24 06:03:00,180.3,79.968994
2025-11-24 06:13:00,179.325,204.48665
2025-11-24 06:23:00,180.1125,203.00093
2025-11-24 06:33:00,180.15,206.42113
2025-11-24 06:43:00,360.525,214.9576
2025-11-24 06:53:00,359.55,349.20367
2025-11-24 07:03:00,180.0,348.27002
2025-11-24 07:13:00,359.025,207.7137
2025-11-24 07:23:00,361.0875,340.5679
2025-11-24 07:33:00,359.55,339.8626
2025-11-24 07:43:00,360.75,347.80725
2025-11-24 07:53:00,359.7,354.6451
2025-11-24 08:03:00,360.075,350.95972
2025-11-24 08:13:00,360.3375,374.27612
2025-11-24 08:23:00,359.775,377.78894
2025-11-24 08:33:00,359.475,373.03674
2025-11-24 08:43:00,360.075,369.3054
2025-11-24 08:53:00,310.575,366.57678
2025-11-24 09:03:00,310.4625,329.3902
2025-11-24 09:13:00,310.0125,325.00583
2025-11-24 09:23:00,308.775,331.41284
2025-11-24 09:33:00,310.2375,330.65753
2025-11-24 09:43:00,310.425,335.26248
2025-11-24 09:53:00,308.8875,342.62463
2025-11-24 10:03:00,310.6875,351.45804
2025-11-24 10:13:00,310.5,350.98596
2025-11-24 10:23:00,310.35,351.51154
2025-11-24 10:33:00,310.3125,351.55948
2025-11-24 10:43:00,399.1125,351.43237
2025-11-24 10:53:00,400.65,405.97473
2025-11-24 11:03:00,399.45,402.90607
2025-11-24 11:13:00,400.4625,404.1771
2025-11-24 11:23:00,399.6,406.60397
2025-11-24 11:33:00,400.6875,412.18
2025-11-24 11:43:00,399.825,422.26984
2025-11-24 11:53:00,401.4,422.19003
2025-11-24 12:03:00,399.9375,421.69366
2025-11-24 12:13:00,399.6375,417.36212
2025-11-24 12:23:00,399.8625,413.9177
2025-11-24 12:33:00,400.0875,412.61105
2025-11-24 12:43:00,400.0125,408.3577
2025-11-24 12:53:00,399.0,413.52173
2025-11-24 13:03:00,399.15,411.92844
2025-11-24 13:13:00,400.125,418.04855
2025-11-24 13:23:00,400.575,417.7986
2025-11-24 13:33:00,399.675,417.36038
2025-11-24 13:43:00,399.2625,417.39114
2025-11-24 13:53:00,399.15,417.48422
2025-11-24 14:03:00,399.975,417.10138
2025-11-24 14:13:00,400.7625,418.5781
2025-11-24 14:23:00,399.525,418.45465
2025-11-24 14:33:00,400.575,417.19684
2025-11-24 14:43:00,399.375,417.4279
2025-11-24 14:53:00,400.95,417.62436
2025-11-24 15:03:00,399.9375,414.63943
2025-11-24 15:13:00,399.375,416.0403
2025-11-24 15:23:00,400.8375,417.41528
2025-11-24 15:33:00,400.2375,416.58566
2025-11-24 15:43:00,400.0125,415.26773
2025-11-24 15:53:00,400.0875,414.29718
2025-11-24 16:03:00,400.6875,414.43805
2025-11-24 16:13:00,400.1625,415.18777
2025-11-24 16:23:00,400.2375,413.89917
2025-11-24 16:33:00,400.5375,410.96024
2025-11-24 16:43:00,400.125,408.26917
2025-11-24 16:53:00,399.9375,409.36322
2025-11-24 17:03:00,399.4875,412.14203
2025-11-24 17:13:00,399.6375,414.5521
2025-11-24 17:23:00,400.3125,414.1905
2025-11-24 17:33:00,399.8625,411.88477
2025-11-24 17:43:00,399.8625,411.45374
2025-11-24 17:53:00,400.3125,411.21677
2025-11-24 18:03:00,399.45,409.5817
2025-11-24 18:13:00,399.825,410.04428
2025-11-24 18:23:00,399.075,408.85477
2025-11-24 18:33:00,400.5375,408.2397
2025-11-24 18:43:00,399.1125,406.7259
2025-11-24 18:53:00,399.2625,406.1739
2025-11-24 19:03:00,400.0875,405.40884
2025-11-24 19:13:00,401.025,405.37256
2025-11-24 19:23:00,400.1625,406.1402
2025-11-24 19:33:00,400.2375,405.16428
2025-11-24 19:43:00,400.8,405.23288
2025-11-24 19:53:00,400.95,406.47397
2025-11-24 20:03:00,399.0,407.78873
2025-11-24 20:13:00,400.575,408.2492
2025-11-24 20:23:00,402.0375,410.25464
2025-11-24 20:33:00,400.8,410.5828
2025-11-24 20:43:00,400.3125,411.26727
2025-11-24 20:53:00,400.425,412.1043
2025-11-24 21:03:00,400.9875,412.47162
2025-11-24 21:13:00,400.05,412.4985
2025-11-24 21:23:00,400.6875,413.2464
2025-11-24 21:33:00,399.975,411.64368
2025-11-24 21:43:00,400.3125,413.58612
2025-11-24 21:53:00,399.6375,414.14432
2025-11-24 22:03:00,420.375,414.92255
2025-11-24 22:13:00,419.6625,430.84662
2025-11-24 22:23:00,419.1375,431.3477
2025-11-24 22:33:00,419.175,429.03955
2025-11-24 22:43:00,421.0875,428.65768
2025-11-24 22:53:00,419.25,429.6418
2025-11-24 23:03:00,419.175,428.53967
2025-11-24 23:13:00,419.7375,428.8587
2025-11-24 23:23:00,420.1875,428.22794
2025-11-24 23:33:00,209.25,425.2437
2025-11-24 23:43:00,209.475,249.39175
2025-11-24 23:53:00,209.925,242.44014
2025-11-25 00:03:00,210.45,241.71022
2025-11-25 00:13:00,210.8625,239.60936
2025-11-25 00:23:00,210.1875,246.83765
2025-11-25 00:33:00,400.6875,270.81543
2025-11-25 00:43:00,400.4625,407.97293
2025-11-25 00:53:00,380.1375,393.2907
2025-11-25 01:03:00,378.825,376.1351
2025-11-25 01:13:00,379.1625,376.44583
2025-11-25 01:23:00,379.0875,380.7293
2025-11-25 01:33:00,379.575,391.16245
2025-11-25 01:43:00,380.1,396.5789
2025-11-25 01:53:00,381.0375,393.93637
2025-11-25 02:03:00,380.025,392.54227
2025-11-25 02:13:00,380.25,390.4315
2025-11-25 02:23:00,379.5375,385.71118
2025-11-25 02:33:00,379.7625,378.87317
2025-11-25 02:43:00,380.625,382.4933
2025-11-25 02:53:00,379.8,380.68622
2025-11-25 03:03:00,378.825,376.7751
2025-11-25 03:13:00,379.275,374.65805
2025-11-25 03:23:00,379.5375,374.39435
2025-11-25 03:33:00,379.3875,373.1563
2025-11-25 03:43:00,379.0875,371.9976
2025-11-25 03:53:00,380.175,370.4655
2025-11-25 04:03:00,379.1625,367.97595
2025-11-25 04:13:00,379.8,367.00174
2025-11-25 04:23:00,380.4,364.99146
2025-11-25 04:33:00,378.4875,364.21115
2025-11-25 04:43:00,260.175,363.83557
2025-11-25 04:53:00,260.625,269.86035
2025-11-25 05:03:00,240.1875,261.18347
2025-11-25 05:13:00,240.7125,244.7806
2025-11-25 05:23:00,240.1875,244.99307
2025-11-25 05:33:00,240.1125,248.55106
2025-11-25 05:43:00,240.9,255.71643
2025-11-25 05:53:00,239.2125,277.8425
2025-11-25 06:03:00,119.6625,275.38058
2025-11-25 06:13:00,119.775,181.37585
2025-11-25 06:23:00,120.075,171.70319
2025-11-25 06:33:00,239.2125,169.42429
2025-11-25 06:43:00,239.8125,260.27832
2025-11-25 06:53:00,240.375,246.66861
2025-11-25 07:03:00,240.0375,244.54784
2025-11-25 07:13:00,239.6625,230.7065
2025-11-25 07:23:00,239.55,237.12051
2025-11-25 07:33:00,241.5,245.69934
2025-11-25 07:43:00,240.4125,247.56882
2025-11-25 07:53:00,236.1,245.71425
2025-11-25 08:03:00,317.5875,248.75504
2025-11-25 08:13:00,319.725,304.38104
2025-11-25 08:23:00,319.3125,298.643
2025-11-25 08:33:00,319.7625,299.97217
2025-11-25 08:43:00,320.4375,312.07312
2025-11-25 08:53:00,318.9,316.2728
2025-11-25 09:03:00,320.5875,321.4297
2025-11-25 09:13:00,320.7,325.22723
2025-11-25 09:23:00,318.4125,326.7893
2025-11-25 09:33:00,319.0875,324.1971
2025-11-25 09:43:00,320.4,325.81885
2025-11-25 09:53:00,319.95,321.42636
2025-11-25 10:03:00,319.35,322.22906
2025-11-25 10:13:00,319.9875,317.95132
2025-11-25 10:23:00,320.7375,311.43283
2025-11-25 10:33:00,320.85,310.0495
2025-11-25 10:43:00,320.325,309.79797
2025-11-25 10:53:00,400.425,310.03787
2025-11-25 11:03:00,399.975,372.82147
2025-11-25 11:13:00,398.8125,373.72534
2025-11-25 11:23:00,399.5625,377.83472
2025-11-25 11:33:00,399.525,381.02808
2025-11-25 11:43:00,398.925,385.4488
2025-11-25 11:53:00,399.975,387.6979
2025-11-25 12:03:00,400.875,381.68237
2025-11-25 12:13:00,400.425,381.34332
2025-11-25 12:23:00,399.5625,380.3719
2025-11-25 12:33:00,400.3125,378.80548
2025-11-25 12:43:00,400.1625,375.48044
2025-11-25 12:53:00,400.4625,371.87357
2025-11-25 13:03:00,400.0125,377.2625
2025-11-25 13:13:00,400.425,375.7943
2025-11-25 13:23:00,399.375,376.74503
2025-11-25 13:33:00,399.0375,374.6389
2025-11-25 13:43:00,400.2,374.6167
2025-11-25 13:53:00,399.15,373.5993
2025-11-25 14:03:00,399.2625,373.27063
2025-11-25 14:13:00,399.375,374.25275
2025-11-25 14:23:00,399.8625,373.47406
2025-11-25 14:33:00,400.3125,374.90308
2025-11-25 14:43:00,399.3,375.46075
2025-11-25 14:53:00,400.8375,376.9239
2025-11-25 15:03:00,400.0125,377.01962
2025-11-25 15:13:00,399.7875,377.75418
2025-11-25 15:23:00,400.0875,377.3341
2025-11-25 15:33:00,400.0875,374.98083
2025-11-25 15:43:00,400.9125,375.2745
2025-11-25 15:53:00,400.2375,374.5772
2025-11-25 16:03:00,398.8125,375.4511
2025-11-25 16:13:00,399.4875,375.4904
2025-11-25 16:23:00,400.2,372.4849
2025-11-25 16:33:00,398.4,374.56522
2025-11-25 16:43:00,399.3375,372.35696
2025-11-25 16:53:00,398.85,373.25995
2025-11-25 17:03:00,400.65,373.079
2025-11-25 17:13:00,400.35,373.7162
2025-11-25 17:23:00,400.8375,373.78024
2025-11-25 17:33:00,398.4,373.48856
2025-11-25 17:43:00,400.275,373.3166
2025-11-25 17:53:00,400.3875,372.56168
2025-11-25 18:03:00,399.8625,372.0636
2025-11-25 18:13:00,399.9,372.9674
2025-11-25 18:23:00,400.9875,374.01416
2025-11-25 18:33:00,399.9375,372.9723
2025-11-25 18:43:00,399.7125,372.33804
2025-11-25 18:53:00,399.75,373.17645
2025-11-25 19:03:00,398.8125,372.83063
2025-11-25 19:13:00,399.375,376.60986
2025-11-25 19:23:00,399.8625,372.53546
2025-11-25 19:33:00,400.1625,373.26526
2025-11-25 19:43:00,399.3375,375.64722
2025-11-25 19:53:00,399.375,376.06003
2025-11-25 20:03:00,400.6125,376.0206
2025-11-25 20:13:00,399.225,375.91147
2025-11-25 20:23:00,400.2375,374.87924
2025-11-25 20:33:00,399.1875,375.45093
2025-11-25 20:43:00,399.975,378.78943
2025-11-25 20:53:00,399.9,379.08493
2025-11-25 21:03:00,400.6125,382.24057
2025-11-25 21:13:00,399.675,381.0855
2025-11-25 21:23:00,399.9375,381.40698
2025-11-25 21:33:00,399.3375,383.85803
2025-11-25 21:43:00,399.3375,384.41922
2025-11-25 21:53:00,398.7,376.24973
2025-11-25 22:03:00,399.5625,382.82382
2025-11-25 22:13:00,401.4375,383.9694
2025-11-25 22:23:00,399.45,384.65778
2025-11-25 22:33:00,399.375,374.37845
2025-11-25 22:43:00,400.575,375.50003
2025-11-25 22:53:00,200.175,382.59186
2025-11-25 23:03:00,200.0625,224.34184
2025-11-25 23:13:00,200.2875,221.13829
2025-11-25 23:23:00,199.95,221.32964
2025-11-25 23:33:00,199.875,226.00514
2025-11-25 23:43:00,200.0625,234.63326
2025-11-25 23:53:00,413.025,252.98787
2025-11-26 00:03:00,370.5,287.76688
2025-11-26 00:13:00,370.2,378.257
2025-11-26 00:23:00,368.9625,372.2904
2025-11-26 00:33:00,370.425,368.5807
2025-11-26 00:43:00,370.5375,370.89777
2025-11-26 00:53:00,369.9,379.9841
2025-11-26 01:03:00,369.7875,385.3549
2025-11-26 01:13:00,369.2625,385.69492
2025-11-26 01:23:00,369.9375,381.0522
2025-11-26 01:33:00,370.6125,375.69678
2025-11-26 01:43:00,369.3,373.23666
2025-11-26 01:53:00,370.3125,365.17075
2025-11-26 02:03:00,369.525,369.6167
2025-11-26 02:13:00,369.7125,364.5426
2025-11-26 02:23:00,370.35,363.69952
2025-11-26 02:33:00,370.7625,362.59503
2025-11-26 02:43:00,368.7375,362.83118
2025-11-26 02:53:00,370.5,362.48303
2025-11-26 03:03:00,369.6,361.26178
2025-11-26 03:13:00,370.35,361.15918
2025-11-26 03:23:00,369.075,362.50754
2025-11-26 03:33:00,370.8,362.34918
2025-11-26 03:43:00,370.35,361.44025
2025-11-26 03:53:00,369.4875,359.77805
2025-11-26 04:03:00,369.3,358.58417
2025-11-26 04:13:00,368.9625,358.44858
2025-11-26 04:23:00,368.775,356.82416
2025-11-26 04:33:00,370.3125,354.9606
2025-11-26 04:43:00,370.275,353.1911
2025-11-26 04:53:00,369.525,351.42883
2025-11-26 05:03:00,370.0125,350.10452
2025-11-26 05:13:00,369.6,348.32346
2025-11-26 05:23:00,370.1625,347.54193
2025-11-26 05:33:00,369.9,344.12302
2025-11-26 05:43:00,369.5625,340.58722
2025-11-26 05:53:00,239.625,336.61523
2025-11-26 06:03:00,119.71875,226.64084
2025-11-26 06:13:00,120.6375,130.94458
2025-11-26 06:23:00,119.8125,123.26976
2025-11-26 06:33:00,239.1,123.46672
2025-11-26 06:43:00,240.15,218.34119
2025-11-26 06:53:00,239.025,228.39374
2025-11-26 07:03:00,241.4625,235.90485
2025-11-26 07:13:00,241.2,239.07214
2025-11-26 07:23:00,239.925,245.48119
2025-11-26 07:33:00,239.9625,253.09106
2025-11-26 07:43:00,238.875,261.78754
2025-11-26 07:53:00,240.375,261.4046
2025-11-26 08:03:00,238.725,255.05324
2025-11-26 08:13:00,310.125,255.57158
2025-11-26 08:23:00,310.5375,295.67368
2025-11-26 08:33:00,311.26874,290.16873
2025-11-26 08:43:00,310.2375,299.83487
2025-11-26 08:53:00,311.325,300.27917
2025-11-26 09:03:00,309.825,303.88687
2025-11-26 09:13:00,310.8,309.48547
2025-11-26 09:23:00,309.75,312.89743
2025-11-26 09:33:00,319.2,312.12326
2025-11-26 09:43:00,319.95,314.95026
2025-11-26 09:53:00,320.775,314.69144
2025-11-26 10:03:00,318.3375,315.48108
2025-11-26 10:13:00,399.4875,313.0142
2025-11-26 10:23:00,399.225,367.1585
2025-11-26 10:33:00,400.425,376.69714
2025-11-26 10:43:00,399.7875,375.44986
2025-11-26 10:53:00,400.0125,375.89648
2025-11-26 11:03:00,399.8625,379.6001
2025-11-26 11:13:00,399.375,386.51306
2025-11-26 11:23:00,400.6875,387.56302
2025-11-26 11:33:00,399.0,386.14584
2025-11-26 11:43:00,400.05,386.9741
2025-11-26 11:53:00,400.8375,383.13776
2025-11-26 12:03:00,400.3875,380.60458
2025-11-26 12:13:00,398.2875,380.75842
2025-11-26 12:23:00,399.1875,383.78595
2025-11-26 12:33:00,399.45,383.46988
2025-11-26 12:43:00,399.45,383.65585
2025-11-26 12:53:00,399.975,382.9862
2025-11-26 13:03:00,399.1875,383.39056
2025-11-26 13:13:00,400.3875,384.11255
2025-11-26 13:23:00,401.025,384.10693
2025-11-26 13:33:00,399.0375,383.17242
2025-11-26 13:43:00,400.5,385.03296
2025-11-26 13:53:00,400.3875,381.7439
2025-11-26 14:03:00,399.375,384.41055
2025-11-26 14:13:00,400.2375,383.5493
2025-11-26 14:23:00,399.6375,383.56906
2025-11-26 14:33:00,400.2,383.38818
2025-11-26 14:43:00,400.95,381.7222
2025-11-26 14:53:00,400.05,384.0882
2025-11-26 15:03:00,400.575,382.2188
2025-11-26 15:13:00,399.5625,382.26675
2025-11-26 15:23:00,399.1125,382.33563
2025-11-26 15:33:00,398.4,382.59756
2025-11-26 15:43:00,399.375,381.63434
2025-11-26 15:53:00,400.275,381.54037
2025-11-26 16:03:00,399.375,379.893
2025-11-26 16:13:00,399.9,381.2368
2025-11-26 16:23:00,400.6875,380.61304
2025-11-26 16:33:00,399.1875,380.27228
2025-11-26 16:43:00,399.2625,379.40472
2025-11-26 16:53:00,400.35,379.57993
2025-11-26 17:03:00,399.975,378.93542
2025-11-26 17:13:00,400.0875,379.2211
2025-11-26 17:23:00,400.125,377.30414
2025-11-26 17:33:00,399.075,377.32938
2025-11-26 17:43:00,400.275,374.62863
2025-11-26 17:53:00,400.1625,373.799
2025-11-26 18:03:00,399.15,375.21945
2025-11-26 18:13:00,400.8,372.2921
2025-11-26 18:23:00,400.0875,372.90784
2025-11-26 18:33:00,400.7625,373.3533
2025-11-26 18:43:00,401.1,372.99805
2025-11-26 18:53:00,398.85,373.77148
2025-11-26 19:03:00,400.0125,373.74332
2025-11-26 19:13:00,399.675,373.8763
2025-11-26 19:23:00,400.3125,373.57516
2025-11-26 19:33:00,399.0375,372.2904
2025-11-26 19:43:00,400.725,373.53854
2025-11-26 19:53:00,399.7875,373.85916
2025-11-26 20:03:00,400.1625,372.35684
2025-11-26 20:13:00,400.725,373.17923
2025-11-26 20:23:00,400.0875,374.44983
2025-11-26 20:33:00,400.5375,374.81003
2025-11-26 20:43:00,399.375,376.68832
2025-11-26 20:53:00,400.35,376.7549
2025-11-26 21:03:00,399.9,378.2166
2025-11-26 21:13:00,399.8625,376.85757
2025-11-26 21:23:00,399.225,376.57437
2025-11-26 21:33:00,401.3625,379.1712
2025-11-26 21:43:00,399.7125,379.40112
2025-11-26 21:53:00,401.325,380.8707
2025-11-26 22:03:00,399.6,379.52032
2025-11-26 22:13:00,399.4875,381.27725
2025-11-26 22:23:00,400.2375,382.97797
2025-11-26 22:33:00,400.9875,381.75076
2025-11-26 22:43:00,400.0125,382.19394
2025-11-26 22:53:00,400.275,383.81033
2025-11-26 23:03:00,400.275,384.25012
2025-11-26 23:13:00,399.4125,385.48312
2025-11-26 23:23:00,200.1,383.99686
2025-11-26 23:33:00,200.2125,234.46378
2025-11-26 23:43:00,200.2125,218.96046
2025-11-26 23:53:00,199.9875,216.31717
2025-11-27 00:03:00,199.95,214.68805
2025-11-27 00:13:00,199.8375,216.19086
2025-11-27 00:23:00,199.725,225.10838
2025-11-27 00:33:00,380.9625,268.41968
2025-11-27 00:43:00,379.95,365.05917
2025-11-27 00:53:00,379.65,353.00983
2025-11-27 01:03:00,379.9875,349.6198
2025-11-27 01:13:00,380.2125,352.69357
2025-11-27 01:23:00,380.0625,358.88312
2025-11-27 01:33:00,380.8875,375.65533
2025-11-27 01:43:00,380.2875,384.1917
2025-11-27 01:53:00,379.8375,381.18182
2025-11-27 02:03:00,380.475,377.21805
2025-11-27 02:13:00,380.1,371.57657
2025-11-27 02:23:00,379.05,364.6764
2025-11-27 02:33:00,380.85,358.7485
2025-11-27 02:43:00,381.1125,355.7632
2025-11-27 02:53:00,379.0875,353.98788
2025-11-27 03:03:00,379.2375,354.64484
2025-11-27 03:13:00,380.4,358.3305
2025-11-27 03:23:00,379.8375,358.8774
2025-11-27 03:33:00,380.025,353.76434
2025-11-27 03:43:00,379.7625,352.58838
2025-11-27 03:53:00,379.875,350.72067
2025-11-27 04:03:00,379.875,350.1687
2025-11-27 04:13:00,380.25,349.58362
2025-11-27 04:23:00,380.5125,346.6457
2025-11-27 04:33:00,380.1,342.98605
2025-11-27 04:43:00,379.8375,341.5363
2025-11-27 04:53:00,380.5125,343.06512
2025-11-27 05:03:00,379.725,339.85068
2025-11-27 05:13:00,378.8625,340.41287
2025-11-27 05:23:00,380.2875,339.73914
2025-11-27 05:33:00,380.0625,338.7329
2025-11-27 05:43:00,380.1375,343.0751
2025-11-27 05:53:00,239.9625,341.879
2025-11-27 06:03:00,119.7375,229.19612
2025-11-27 06:13:00,119.7,224.12404
2025-11-27 06:23:00,119.925,128.64719
2025-11-27 06:33:00,323.8875,129.92094
2025-11-27 06:43:00,241.125,132.21289
2025-11-27 06:53:00,238.8375,230.34035
2025-11-27 07:03:00,239.85,238.25412
2025-11-27 07:13:00,241.1625,239.22523
2025-11-27 07:23:00,240.9,243.51424
2025-11-27 07:33:00,239.8875,252.08046
2025-11-27 07:43:00,240.525,255.47672
2025-11-27 07:53:00,240.0375,263.24097
2025-11-27 08:03:00,242.5875,255.43567
2025-11-27 08:13:00,318.375,258.10983
2025-11-27 08:23:00,319.5375,303.685
2025-11-27 08:33:00,319.125,297.1775
2025-11-27 08:43:00,320.4,303.79114
2025-11-27 08:53:00,320.2875,306.8553
2025-11-27 09:03:00,320.7,311.57465
2025-11-27 09:13:00,320.7,317.30786
2025-11-27 09:23:00,321.5625,322.18463
2025-11-27 09:33:00,319.05,321.05997
2025-11-27 09:43:00,321.225,320.6728
2025-11-27 09:53:00,319.575,319.05627
2025-11-27 10:03:00,319.65,314.70325
2025-11-27 10:13:00,321.075,314.1132
2025-11-27 10:23:00,399.15,313.43436
2025-11-27 10:33:00,400.65,376.2017
2025-11-27 10:43:00,399.4875,367.8144
2025-11-27 10:53:00,398.775,366.38763
2025-11-27 11:03:00,400.275,371.64526
2025-11-27 11:13:00,400.275,376.15555
2025-11-27 11:23:00,400.2,384.65836
2025-11-27 11:33:00,400.6125,384.89255
2025-11-27 11:43:00,399.675,383.66425
2025-11-27 11:53:00,437.9625,379.17886
2025-11-27 12:03:00,440.325,380.8808
2025-11-27 12:13:00,440.4375,401.35
2025-11-27 12:23:00,440.775,395.5232
2025-11-27 12:33:00,440.325,405.18878
2025-11-27 12:43:00,441.3,409.83737
2025-11-27 12:53:00,440.6625,415.84637
2025-11-27 13:03:00,440.1,419.5236
2025-11-27 13:13:00,403.425,418.869
2025-11-27 13:23:00,399.675,400.04306
2025-11-27 13:33:00,400.1625,392.6011
2025-11-27 13:43:00,400.3875,388.43704
2025-11-27 13:53:00,399.4875,385.62073
2025-11-27 14:03:00,398.925,386.10516
2025-11-27 14:13:00,398.6625,388.77826
2025-11-27 14:23:00,399.8625,390.14853
2025-11-27 14:33:00,400.875,385.4525
2025-11-27 14:43:00,401.025,381.25848
2025-11-27 14:53:00,400.5,377.14417
2025-11-27 15:03:00,400.125,376.71954
2025-11-27 15:13:00,399.7875,371.75803
2025-11-27 15:23:00,400.125,368.92188
2025-11-27 15:33:00,400.5375,369.4277
2025-11-27 15:43:00,399.4875,370.55148
2025-11-27 15:53:00,399.3,371.22867
2025-11-27 16:03:00,399.6,370.73154
2025-11-27 16:13:00,399.75,370.09888
2025-11-27 16:23:00,399.4125,370.60394
2025-11-27 16:33:00,399.6,371.02087
2025-11-27 16:43:00,399.4125,369.8791
2025-11-27 16:53:00,398.8875,370.94196
2025-11-27 17:03:00,399.4125,370.3735
2025-11-27 17:13:00,399.4125,370.374
2025-11-27 17:23:00,399.975,372.20554
2025-11-27 17:33:00,400.0125,372.4348
2025-11-27 17:43:00,400.125,370.6458
2025-11-27 17:53:00,399.9375,369.8974
2025-11-27 18:03:00,400.275,368.524
2025-11-27 18:13:00,399.75,369.44724
2025-11-27 18:23:00,400.6875,369.20752
2025-11-27 18:33:00,399.7875,368.5986
2025-11-27 18:43:00,399.9375,368.71323
2025-11-27 18:53:00,399.675,369.157
2025-11-27 19:03:00,400.3875,369.18848
2025-11-27 19:13:00,399.4875,369.707
2025-11-27 19:23:00,400.2375,369.00012
2025-11-27 19:33:00,399.225,370.02075
2025-11-27 19:43:00,399.45,369.1083
2025-11-27 19:53:00,399.525,371.74966
2025-11-27 20:03:00,398.9625,372.84457
2025-11-27 20:13:00,399.4875,372.9486
2025-11-27 20:23:00,399.8625,372.7319
2025-11-27 20:33:00,398.925,373.75833
2025-11-27 20:43:00,399.525,374.70078
2025-11-27 20:53:00,399.9,374.2609
2025-11-27 21:03:00,399.9,375.82318
2025-11-27 21:13:00,399.7125,376.16748
2025-11-27 21:23:00,400.575,376.5339
2025-11-27 21:33:00,399.45,378.7139
2025-11-27 21:43:00,400.3875,381.20215
2025-11-27 21:53:00,398.475,380.97772
2025-11-27 22:03:00,400.1625,383.83023
2025-11-27 22:13:00,400.2375,380.70517
2025-11-27 22:23:00,400.3875,384.74384
2025-11-27 22:33:00,399.6375,383.57602
2025-11-27 22:43:00,440.4375,386.14093
2025-11-27 22:53:00,439.2,413.58047
2025-11-27 23:03:00,440.625,413.83295
2025-11-27 23:13:00,439.8,414.24594
2025-11-27 23:23:00,440.0625,416.0349
2025-11-27 23:33:00,439.9125,416.80923
2025-11-27 23:43:00,440.5125,422.40826
2025-11-27 23:53:00,439.5,422.53467
2025-11-28 00:03:00,200.475,420.58197
2025-11-28 00:13:00,199.875,220.82726
2025-11-28 00:23:00,200.3625,205.9503
2025-11-28 00:33:00,199.725,199.85202
2025-11-28 00:43:00,199.5,200.57047
2025-11-28 00:53:00,199.5375,206.30745
2025-11-28 01:03:00,200.1,219.80653
2025-11-28 01:13:00,383.2875,267.9226
2025-11-28 01:23:00,379.0875,376.34253
2025-11-28 01:33:00,379.3125,353.90985
2025-11-28 01:43:00,380.8875,350.80112
2025-11-28 01:53:00,379.7625,351.39764
2025-11-28 02:03:00,379.6125,357.82684
2025-11-28 02:13:00,380.2125,369.60352
2025-11-28 02:23:00,379.95,375.42545
2025-11-28 02:33:00,380.175,375.93445
2025-11-28 02:43:00,379.425,370.95645
2025-11-28 02:53:00,379.95,367.4181
2025-11-28 03:03:00,379.6875,360.3317
2025-11-28 03:13:00,380.175,351.7522
2025-11-28 03:23:00,379.4625,354.88135
2025-11-28 03:33:00,380.1,355.0899
2025-11-28 03:43:00,379.5,353.00763
2025-11-28 03:53:00,379.95,352.85416
2025-11-28 04:03:00,381.075,352.29446
2025-11-28 04:13:00,379.6125,350.421
2025-11-28 04:23:00,379.3875,349.53445
2025-11-28 04:33:00,379.3125,344.67813
2025-11-28 04:43:00,379.5375,345.73022
2025-11-28 04:53:00,379.65,344.108
2025-11-28 05:03:00,379.875,341.34787
2025-11-28 05:13:00,380.475,338.61145
2025-11-28 05:23:00,379.35,337.23785
2025-11-28 05:33:00,378.9,335.6364
2025-11-28 05:43:00,379.425,332.81042
2025-11-28 05:53:00,380.3625,326.02026
2025-11-28 06:03:00,0.0,321.40057
2025-11-28 06:13:00,190.2,29.3378
2025-11-28 06:23:00,247.425,151.2702
2025-11-28 06:33:00,239.2875,97.359955
2025-11-28 06:43:00,239.55,188.3003
2025-11-28 06:53:00,240.3375,192.98537
2025-11-28 07:03:00,239.325,197.85666
2025-11-28 07:13:00,241.425,217.95602
2025-11-28 07:23:00,239.25,227.32784
2025-11-28 07:33:00,239.5875,234.18663
2025-11-28 07:43:00,242.5125,236.85666
2025-11-28 07:53:00,241.6875,237.62741
2025-11-28 08:03:00,318.9375,236.76268
2025-11-28 08:13:00,320.1,275.4424
2025-11-28 08:23:00,319.95,276.79816
2025-11-28 08:33:00,320.5125,286.91632
2025-11-28 08:43:00,319.125,289.2557
2025-11-28 08:53:00,319.5,294.66757
2025-11-28 09:03:00,318.9375,304.81
2025-11-28 09:13:00,320.775,304.10477
2025-11-28 09:23:00,319.8375,305.03107
2025-11-28 09:33:00,320.3625,307.8362
2025-11-28 09:43:00,320.175,308.13278
2025-11-28 09:53:00,320.4375,308.3941
2025-11-28 10:03:00,321.6,305.1468
2025-11-28 10:13:00,401.55,311.00937
2025-11-28 10:23:00,400.05,366.30923
2025-11-28 10:33:00,400.6875,363.89056
2025-11-28 10:43:00,399.675,364.28333
2025-11-28 10:53:00,400.35,366.64285
2025-11-28 11:03:00,399.9375,371.2899
2025-11-28 11:13:00,399.975,379.0654
2025-11-28 11:23:00,400.3875,378.80237
2025-11-28 11:33:00,400.05,378.8935
2025-11-28 11:43:00,399.75,378.5586
2025-11-28 11:53:00,401.7,378.57098
2025-11-28 12:03:00,399.825,377.86386
2025-11-28 12:13:00,400.6875,373.60724
2025-11-28 12:23:00,399.4875,375.51025
2025-11-28 12:33:00,399.75,379.0347
2025-11-28 12:43:00,400.2375,379.83368
2025-11-28 12:53:00,400.1625,381.62848
2025-11-28 13:03:00,399.8625,381.15408
2025-11-28 13:13:00,400.125,382.31674
2025-11-28 13:23:00,400.7625,378.2223
2025-11-28 13:33:00,398.9625,378.34305
2025-11-28 13:43:00,400.35,377.93713
2025-11-28 13:53:00,400.5375,377.2627
2025-11-28 14:03:00,400.3875,380.3891
2025-11-28 14:13:00,400.2375,380.38727
2025-11-28 14:23:00,399.45,382.60004
2025-11-28 14:33:00,399.45,385.0082
2025-11-28 14:43:00,399.675,382.40952
2025-11-28 14:53:00,400.1625,379.3465
2025-11-28 15:03:00,399.975,381.2155
2025-11-28 15:13:00,400.65,376.5909
2025-11-28 15:23:00,399.54376,380.32236
2025-11-28 15:33:00,399.7875,376.62042
2025-11-28 15:43:00,400.0125,375.42667
2025-11-28 15:53:00,399.4875,378.38382
2025-11-28 16:03:00,419.3625,382.59183
2025-11-28 16:13:00,420.6,394.69553
2025-11-28 16:23:00,419.0625,392.32678
2025-11-28 16:33:00,419.55,394.44666
2025-11-28 16:43:00,419.7,395.97495
2025-11-28 16:53:00,419.925,398.45996
2025-11-28 17:03:00,420.075,396.4377
2025-11-28 17:13:00,419.475,395.80463
2025-11-28 17:23:00,419.775,393.9567
2025-11-28 17:33:00,419.2125,393.626
2025-11-28 17:43:00,418.9875,392.46823
2025-11-28 17:53:00,420.3375,391.18973
2025-11-28 18:03:00,419.2125,388.35986
2025-11-28 18:13:00,420.1125,389.2329
2025-11-28 18:23:00,419.775,387.8935
2025-11-28 18:33:00,420.1125,385.26105
2025-11-28 18:43:00,419.55,386.4125
2025-11-28 18:53:00,420.675,384.54272
2025-11-28 19:03:00,420.1125,384.58087
2025-11-28 19:13:00,420.8625,384.5481
2025-11-28 19:23:00,420.075,381.058
2025-11-28 19:33:00,420.825,380.6598
2025-11-28 19:43:00,420.45,383.65985
2025-11-28 19:53:00,420.0,383.3881
2025-11-28 20:03:00,419.775,381.47043
2025-11-28 20:13:00,400.125,381.84274
2025-11-28 20:23:00,399.75,378.46375
2025-11-28 20:33:00,400.0875,364.27267
2025-11-28 20:43:00,399.3375,364.6909
2025-11-28 20:53:00,398.925,362.66608
2025-11-28 21:03:00,400.5375,363.89172
2025-11-28 21:13:00,398.5875,364.1274
2025-11-28 21:23:00,400.425,367.5942
2025-11-28 21:33:00,400.3875,370.16638
2025-11-28 21:43:00,400.3875,369.18732
2025-11-28 21:53:00,399.8625,370.44373
2025-11-28 22:03:00,400.125,370.5711
2025-11-28 22:13:00,401.0625,371.78305
2025-11-28 22:23:00,400.125,368.88766
2025-11-28 22:33:00,400.9125,369.0301
2025-11-28 22:43:00,400.6875,367.80136
2025-11-28 22:53:00,400.6125,366.38354
2025-11-28 23:03:00,400.275,369.81964
2025-11-28 23:13:00,400.3875,370.2927
2025-11-28 23:23:00,400.3875,368.6222
2025-11-28 23:33:00,380.85,369.6057
2025-11-28 23:43:00,379.425,359.09467
2025-11-28 23:53:00,194.925,352.324
2025-11-29 00:03:00,195.525,207.39511
2025-11-29 00:13:00,194.625,192.43025
2025-11-29 00:23:00,195.1875,191.62424
2025-11-29 00:33:00,195.6375,193.1179
2025-11-29 00:43:00,195.1875,201.7205
2025-11-29 00:53:00,194.5125,212.63783
2025-11-29 01:03:00,383.925,248.77432
2025-11-29 01:13:00,355.2375,346.73154
2025-11-29 01:23:00,355.275,316.45782
2025-11-29 01:33:00,354.8625,313.80154
2025-11-29 01:43:00,355.575,317.06915
2025-11-29 01:53:00,354.7125,323.10324
2025-11-29 02:03:00,354.5625,339.69626
2025-11-29 02:13:00,355.725,334.5738
2025-11-29 02:23:00,355.5,336.12866
2025-11-29 02:33:00,353.7,332.4612
2025-11-29 02:43:00,334.0125,329.3409
2025-11-29 02:53:00,335.8125,312.83395
2025-11-29 03:03:00,335.25,303.97968
2025-11-29 03:13:00,333.3,309.9696
2025-11-29 03:23:00,335.475,306.24445
2025-11-29 03:33:00,334.65,308.12
2025-11-29 03:43:00,333.9375,305.4757
2025-11-29 03:53:00,334.875,306.6356
2025-11-29 04:03:00,334.5375,307.56375
2025-11-29 04:13:00,333.6375,305.58032
2025-11-29 04:23:00,334.3125,305.2006
2025-11-29 04:33:00,334.35,306.3024
2025-11-29 04:43:00,333.0375,305.80658
2025-11-29 04:53:00,334.6875,301.40656
2025-11-29 05:03:00,335.3625,299.25397
2025-11-29 05:13:00,336.675,302.07922
2025-11-29 05:23:00,335.925,300.2196
2025-11-29 05:33:00,336.7125,296.45575
2025-11-29 05:43:00,335.3625,295.8726
2025-11-29 05:53:00,235.3875,297.2218
2025-11-29 06:03:00,233.475,217.76102
2025-11-29 06:13:00,234.6,215.9765
2025-11-29 06:23:00,235.0125,208.38565
2025-11-29 06:33:00,234.3375,209.19267
2025-11-29 06:43:00,234.4125,210.92416
2025-11-29 06:53:00,235.7625,217.19766
2025-11-29 07:03:00,120.0,230.58838
2025-11-29 07:13:00,119.4,137.49307
2025-11-29 07:23:00,119.625,135.47469
2025-11-29 07:33:00,235.9125,135.44997
2025-11-29 07:43:00,234.1125,212.35806
2025-11-29 07:53:00,234.0,208.46074
2025-11-29 08:03:00,234.975,206.93321
2025-11-29 08:13:00,312.3,211.83571
2025-11-29 08:23:00,314.4375,218.00394
2025-11-29 08:33:00,314.8875,283.4027
2025-11-29 08:43:00,316.575,284.65045
2025-11-29 08:53:00,315.1875,284.29837
2025-11-29 09:03:00,316.4625,288.1045
2025-11-29 09:13:00,314.4375,296.48004
2025-11-29 09:23:00,313.0875,301.28116
2025-11-29 09:33:00,315.4125,297.7006
2025-11-29 09:43:00,316.9125,302.55658
2025-11-29 09:53:00,315.8625,300.085
2025-11-29 10:03:00,314.2125,300.67117
2025-11-29 10:13:00,314.4,301.31342
2025-11-29 10:23:00,315.075,307.17075
2025-11-29 10:33:00,315.0,305.76804
2025-11-29 10:43:00,315.7125,306.01678
2025-11-29 10:53:00,316.275,307.79004
2025-11-29 11:03:00,315.3375,309.33688
2025-11-29 11:13:00,315.6375,310.01166
2025-11-29 11:23:00,400.3875,309.38232
2025-11-29 11:33:00,399.7125,369.3475
2025-11-29 11:43:00,400.575,370.38843
2025-11-29 11:53:00,399.6,373.6199
2025-11-29 12:03:00,400.3125,374.95865
2025-11-29 12:13:00,400.0125,381.29492
2025-11-29 12:23:00,400.8,388.6929
2025-11-29 12:33:00,399.5625,394.52304
2025-11-29 12:43:00,400.3875,391.23816
2025-11-29 12:53:00,399.75,390.91928
2025-11-29 13:03:00,400.875,387.73026
2025-11-29 13:13:00,399.8625,385.21317
2025-11-29 13:23:00,399.825,380.9572
2025-11-29 13:33:00,399.9,385.43466
2025-11-29 13:43:00,399.75,386.5659
2025-11-29 13:53:00,399.6,388.29184
2025-11-29 14:03:00,399.6,387.51816
2025-11-29 14:13:00,398.8875,389.08142
2025-11-29 14:23:00,399.825,388.82367
2025-11-29 14:33:00,401.2125,388.81448
2025-11-29 14:43:00,400.0125,390.23428
2025-11-29 14:53:00,399.0375,390.74414
2025-11-29 15:03:00,400.3875,389.4727
2025-11-29 15:13:00,401.4,390.50256
2025-11-29 15:23:00,400.2,389.63425
2025-11-29 15:33:00,399.9,389.1255
2025-11-29 15:43:00,399.525,390.35413
2025-11-29 15:53:00,399.6,390.9336
2025-11-29 16:03:00,401.1,390.83115
2025-11-29 16:13:00,399.5625,391.67007
2025-11-29 16:23:00,400.0875,390.1633
2025-11-29 16:33:00,399.825,391.7399
2025-11-29 16:43:00,399.5625,390.98355
2025-11-29 16:53:00,400.3875,390.19086
2025-11-29 17:03:00,399.6375,390.8794
2025-11-29 17:13:00,399.5625,390.5819
2025-11-29 17:23:00,400.1625,391.40527
2025-11-29 17:33:00,400.3875,389.7723
2025-11-29 17:43:00,400.1625,390.30475
2025-11-29 17:53:00,401.025,389.5648
2025-11-29 18:03:00,399.9,391.80432
2025-11-29 18:13:00,399.6,391.4933
2025-11-29 18:23:00,400.425,390.69077
2025-11-29 18:33:00,399.9,391.62482
2025-11-29 18:43:00,400.95,392.06418
2025-11-29 18:53:00,400.3875,393.598
2025-11-29 19:03:00,399.9375,393.75626
2025-11-29 19:13:00,400.575,393.7427
2025-11-29 19:23:00,399.1875,393.51462
2025-11-29 19:33:00,400.125,395.172
2025-11-29 19:43:00,398.925,394.24136
2025-11-29 19:53:00,399.4875,393.953
2025-11-29 20:03:00,399.6,393.85205
2025-11-29 20:13:00,399.75,395.33157
2025-11-29 20:23:00,399.4125,395.57037
2025-11-29 20:33:00,400.5,396.0485
2025-11-29 20:43:00,400.5375,395.673
2025-11-29 20:53:00,399.9,395.93906
2025-11-29 21:03:00,420.2625,395.7464
2025-11-29 21:13:00,419.5875,409.07645
2025-11-29 21:23:00,420.1875,410.74628
2025-11-29 21:33:00,421.65,410.71118
2025-11-29 21:43:00,419.775,410.64783
2025-11-29 21:53:00,419.9625,411.75797
2025-11-29 22:03:00,420.4875,412.1522
2025-11-29 22:13:00,420.0,414.09668
2025-11-29 22:23:00,420.3375,412.6209
2025-11-29 22:33:00,419.775,411.2257
2025-11-29 22:43:00,420.075,410.8349
2025-11-29 22:53:00,420.6,411.14615
2025-11-29 23:03:00,419.025,411.73712
2025-11-29 23:13:00,210.1875,411.514
2025-11-29 23:23:00,209.7,413.93643
2025-11-29 23:33:00,209.8125,240.46237
2025-11-29 23:43:00,210.225,236.29277
2025-11-29 23:53:00,209.2875,236.45111
2025-11-30 00:03:00,209.55,242.10764
2025-11-30 00:13:00,209.8875,247.08566
2025-11-30 00:23:00,209.8875,296.64517
2025-11-30 00:33:00,379.95,299.39722
2025-11-30 00:43:00,379.4625,393.57446
2025-11-30 00:53:00,380.775,378.1782
2025-11-30 01:03:00,379.2,370.12247
2025-11-30 01:13:00,379.6125,370.22107
2025-11-30 01:23:00,379.65,373.24304
2025-11-30 01:33:00,379.65,383.32687
2025-11-30 01:43:00,379.2375,388.9484
2025-11-30 01:53:00,380.1,384.32764
2025-11-30 02:03:00,379.8,379.02115
2025-11-30 02:13:00,379.9875,375.79312
2025-11-30 02:23:00,380.6625,368.77267
2025-11-30 02:33:00,380.25,362.0606
2025-11-30 02:43:00,380.25,365.7086
2025-11-30 02:53:00,378.6375,364.12567
2025-11-30 03:03:00,379.65,364.213
2025-11-30 03:13:00,379.725,364.0512
2025-11-30 03:23:00,379.3875,364.10144
2025-11-30 03:33:00,360.1125,364.02
2025-11-30 03:43:00,359.175,348.71622
2025-11-30 03:53:00,360.0,345.3679
2025-11-30 04:03:00,360.225,343.99133
2025-11-30 04:13:00,360.525,343.1459
2025-11-30 04:23:00,360.525,344.58945
2025-11-30 04:33:00,358.9125,341.81824
2025-11-30 04:43:00,359.4375,344.69678
2025-11-30 04:53:00,360.3,344.40918
2025-11-30 05:03:00,357.6,343.4244
2025-11-30 05:13:00,359.6625,343.53232
2025-11-30 05:23:00,358.425,341.7336
2025-11-30 05:33:00,359.475,339.45416
2025-11-30 05:43:00,242.3625,335.26215
2025-11-30 05:53:00,119.025,236.02579
2025-11-30 06:03:00,119.175,141.12973
2025-11-30 06:13:00,0.0,136.72775
2025-11-30 06:23:00,120.5625,51.136963
2025-11-30 06:33:00,120.225,141.78448
2025-11-30 06:43:00,120.3375,154.85696
2025-11-30 06:53:00,120.1125,176.93173
2025-11-30 07:03:00,239.7,192.02467
2025-11-30 07:13:00,120.0,262.27493
2025-11-30 07:23:00,120.15,171.11438
2025-11-30 07:33:00,120.675,170.87918
2025-11-30 07:43:00,238.6125,173.49893
2025-11-30 07:53:00,239.7375,251.47363
2025-11-30 08:03:00,239.0625,253.5001
2025-11-30 08:13:00,240.1875,253.81183
2025-11-30 08:23:00,239.775,252.02374
2025-11-30 08:33:00,240.2625,264.16327
2025-11-30 08:43:00,301.5,273.90457
2025-11-30 08:53:00,300.45,320.68774
2025-11-30 09:03:00,298.35,316.8629
2025-11-30 09:13:00,300.225,317.40564
2025-11-30 09:23:00,299.7,318.124
2025-11-30 09:33:00,299.8125,319.80234
2025-11-30 09:43:00,300.975,322.10855
2025-11-30 09:53:00,301.0875,328.39618
2025-11-30 10:03:00,298.9125,326.88727
2025-11-30 10:13:00,299.85,325.86807
2025-11-30 10:23:00,300.0,326.84628
2025-11-30 10:33:00,300.3,327.99472
2025-11-30 10:43:00,301.125,327.1388
2025-11-30 10:53:00,356.025,331.73264
2025-11-30 11:03:00,354.7125,373.7218
2025-11-30 11:13:00,359.0625,373.70892
2025-11-30 11:23:00,399.0,380.08008
2025-11-30 11:33:00,400.05,412.7501
2025-11-30 11:43:00,399.1875,414.53754
2025-11-30 11:53:00,399.975,420.58078
2025-11-30 12:03:00,400.4625,419.11273
2025-11-30 12:13:00,400.4625,420.53775
2025-11-30 12:23:00,399.4875,424.26724
2025-11-30 12:33:00,400.725,422.30777
2025-11-30 12:43:00,400.575,418.82944
2025-11-30 12:53:00,399.1875,416.29053
2025-11-30 13:03:00,439.1625,419.7093
2025-11-30 13:13:00,440.3625,445.02252
2025-11-30 13:23:00,438.9375,442.57733
2025-11-30 13:33:00,439.575,445.87396
2025-11-30 13:43:00,439.9875,447.2491
2025-11-30 13:53:00,439.575,448.396
2025-11-30 14:03:00,440.175,451.4204
2025-11-30 14:13:00,440.025,455.25525
2025-11-30 14:23:00,440.2125,454.92255
2025-11-30 14:33:00,440.325,452.623
2025-11-30 14:43:00,439.6125,451.92194
2025-11-30 14:53:00,453.4125,451.10352
2025-11-30 15:03:00,454.2,447.50665
2025-11-30 15:13:00,455.175,459.484
2025-11-30 15:23:00,456.375,459.14084
2025-11-30 15:33:00,453.9375,462.24548
2025-11-30 15:43:00,454.35,461.8156
2025-11-30 15:53:00,454.7625,462.8954
2025-11-30 16:03:00,455.5875,463.26736
2025-11-30 16:13:00,455.2875,462.45676
2025-11-30 16:23:00,454.3125,463.17007
2025-11-30 16:33:00,455.7,461.6744
2025-11-30 16:43:00,454.95,461.17056
2025-11-30 16:53:00,454.65,460.38052
2025-11-30 17:03:00,454.95,460.2798
2025-11-30 17:13:00,454.9875,458.59854
2025-11-30 17:23:00,455.025,458.63547
2025-11-30 17:33:00,455.8125,457.93457
2025-11-30 17:43:00,454.6125,458.00635
2025-11-30 17:53:00,455.1375,458.27097
2025-11-30 18:03:00,455.3625,457.72623
2025-11-30 18:13:00,455.6625,458.86563
2025-11-30 18:23:00,455.2125,458.23358
2025-11-30 18:33:00,455.2125,458.7019
2025-11-30 18:43:00,455.2125,457.22855
2025-11-30 18:53:00,454.8,459.1569
2025-11-30 19:03:00,455.25,456.90564
2025-11-30 19:13:00,454.8,458.07663
2025-11-30 19:23:00,456.0375,457.64145
2025-11-30 19:33:00,454.875,458.2951
2025-11-30 19:43:00,454.6875,457.56335
2025-11-30 19:53:00,455.3625,457.59006
2025-11-30 20:03:00,455.775,457.55206
2025-11-30 20:13:00,454.575,459.9506
2025-11-30 20:23:00,456.075,461.8114
2025-11-30 20:33:00,455.025,462.5333
2025-11-30 20:43:00,454.6875,462.3426
2025-11-30 20:53:00,454.875,461.45544
2025-11-30 21:03:00,455.025,463.42126
2025-11-30 21:13:00,454.8,464.26917
2025-11-30 21:23:00,454.725,464.5322
2025-11-30 21:33:00,454.575,463.89594
2025-11-30 21:43:00,455.55,464.83725
2025-11-30 21:53:00,454.4625,465.95084
2025-11-30 22:03:00,454.8,466.82086
2025-11-30 22:13:00,455.25,466.60236
2025-11-30 22:23:00,454.875,467.0736
2025-11-30 22:33:00,454.8,467.66824
2025-11-30 22:43:00,455.025,467.33536
2025-11-30 22:53:00,454.05,467.22925
2025-11-30 23:03:00,454.4625,467.25446
2025-11-30 23:13:00,455.5875,464.7907
2025-11-30 23:23:00,455.4,462.10294
2025-11-30 23:33:00,455.5875,460.1219
2025-11-30 23:43:00,454.9125,455.0974
2025-11-30 23:53:00,454.425,453.11377
2025-12-01 00:03:00,455.025,451.95898
2025-12-01 00:13:00,455.5125,439.14243
2025-12-01 00:23:00,454.95,439.15408
2025-12-01 00:33:00,200.5125,440.21393
2025-12-01 00:43:00,200.3625,250.12587
2025-12-01 00:53:00,199.9875,233.98647
2025-12-01 01:03:00,198.8625,227.8358
2025-12-01 01:13:00,200.4,227.6019
2025-12-01 01:23:00,200.4,233.70421
2025-12-01 01:33:00,199.7625,247.84312
2025-12-01 01:43:00,399.75,296.2898
2025-12-01 01:53:00,400.6125,412.16406
2025-12-01 02:03:00,400.65,397.41595
2025-12-01 02:13:00,399.7875,394.5575
2025-12-01 02:23:00,399.5625,392.62653
2025-12-01 02:33:00,400.575,397.41336
2025-12-01 02:43:00,400.1625,407.59592
2025-12-01 02:53:00,399.375,407.2624
2025-12-01 03:03:00,400.35,402.1486
2025-12-01 03:13:00,401.0625,397.11847
2025-12-01 03:23:00,399.15,390.49905
2025-12-01 03:33:00,399.0375,381.1169
2025-12-01 03:43:00,399.375,372.40933
2025-12-01 03:53:00,400.0125,380.5571
2025-12-01 04:03:00,399.1875,377.3347
2025-12-01 04:13:00,400.2375,376.82617
2025-12-01 04:23:00,399.1875,374.874
2025-12-01 04:33:00,400.275,374.56763
2025-12-01 04:43:00,399.4125,374.76767
2025-12-01 04:53:00,399.6,372.2845
2025-12-01 05:03:00,399.8625,366.18384
2025-12-01 05:13:00,399.675,366.73035
2025-12-01 05:23:00,399.675,362.27325
2025-12-01 05:33:00,399.225,362.82568
2025-12-01 05:43:00,238.9125,363.71857
2025-12-01 05:53:00,240.225,235.08182
2025-12-01 06:03:00,119.9625,224.72617
2025-12-01 06:13:00,120.4125,125.57474
2025-12-01 06:23:00,119.1,118.213806
2025-12-01 06:33:00,119.4375,114.7673
2025-12-01 06:43:00,240.375,127.87773
2025-12-01 06:53:00,240.0,227.13985
2025-12-01 07:03:00,238.95,227.33199
2025-12-01 07:13:00,240.6,228.15126
2025-12-01 07:23:00,239.7,231.96773
2025-12-01 07:33:00,238.0875,235.08601
2025-12-01 07:43:00,238.9125,246.3401
2025-12-01 07:53:00,240.3,246.8538
2025-12-01 08:03:00,239.4,246.55983
2025-12-01 08:13:00,240.1125,246.8361
2025-12-01 08:23:00,314.475,247.35182
2025-12-01 08:33:00,315.15,288.14536
2025-12-01 08:43:00,316.875,280.16354
2025-12-01 08:53:00,314.25,288.89874
2025-12-01 09:03:00,317.0625,292.55048
2025-12-01 09:13:00,315.6,298.07758
2025-12-01 09:23:00,314.1,309.77612
2025-12-01 09:33:00,315.525,303.80353
2025-12-01 09:43:00,394.2,305.91376
2025-12-01 09:53:00,394.6875,358.86343
2025-12-01 10:03:00,394.3125,356.12338
2025-12-01 10:13:00,395.0625,353.38605
2025-12-01 10:23:00,395.775,353.33762
2025-12-01 10:33:00,395.2875,363.11426
2025-12-01 10:43:00,394.6125,370.41464
2025-12-01 10:53:00,395.25,371.11322
2025-12-01 11:03:00,395.8875,368.79514
2025-12-01 11:13:00,395.4375,366.37622
2025-12-01 11:23:00,395.1,364.0304
2025-12-01 11:33:00,394.5,360.5946
2025-12-01 11:43:00,394.425,356.42758
2025-12-01 11:53:00,395.25,363.77094
2025-12-01 12:03:00,396.2625,365.5898
2025-12-01 12:13:00,394.8,368.02557
2025-12-01 12:23:00,395.1375,367.52557
2025-12-01 12:33:00,395.85,367.3604
2025-12-01 12:43:00,395.8875,365.2244
2025-12-01 12:53:00,394.575,366.88742
2025-12-01 13:03:00,395.8125,367.1669
2025-12-01 13:13:00,395.1,366.9947
2025-12-01 13:23:00,395.5125,368.0207
2025-12-01 13:33:00,395.1,366.4759
2025-12-01 13:43:00,395.4375,369.87567
2025-12-01 13:53:00,394.8375,369.18494
2025-12-01 14:03:00,394.2375,369.45294
2025-12-01 14:13:00,394.8,371.0801
2025-12-01 14:23:00,395.325,373.46924
2025-12-01 14:33:00,395.56876,375.41238
2025-12-01 14:43:00,393.975,376.7315
2025-12-01 14:53:00,394.725,371.8238
2025-12-01 15:03:00,396.075,368.3508
2025-12-01 15:13:00,394.8375,368.6302
2025-12-01 15:23:00,395.25,366.0059
2025-12-01 15:33:00,394.6875,367.4066
2025-12-01 15:43:00,394.4625,367.83112
2025-12-01 15:53:00,395.775,369.7834
2025-12-01 16:03:00,395.1,370.10352
2025-12-01 16:13:00,394.9875,373.1441
2025-12-01 16:23:00,401.2125,370.74194
2025-12-01 16:33:00,400.35,378.22742
2025-12-01 16:43:00,400.0875,375.15372
2025-12-01 16:53:00,398.625,370.40378
2025-12-01 17:03:00,399.525,370.05957
2025-12-01 17:13:00,400.275,368.85248
2025-12-01 17:23:00,399.525,372.6754
2025-12-01 17:33:00,400.3125,372.77438
2025-12-01 17:43:00,399.75,373.0392
2025-12-01 17:53:00,400.125,371.7785
2025-12-01 18:03:00,399.7125,370.7065
2025-12-01 18:13:00,399.45,370.46848
2025-12-01 18:23:00,399.825,367.74326
2025-12-01 18:33:00,399.4875,367.08423
2025-12-01 18:43:00,399.4125,367.03494
2025-12-01 18:53:00,400.0875,366.7777
2025-12-01 19:03:00,400.125,366.68948
2025-12-01 19:13:00,399.525,367.2004
2025-12-01 19:23:00,400.425,365.5829
2025-12-01 19:33:00,400.725,367.04105
2025-12-01 19:43:00,400.125,366.0576
2025-12-01 19:53:00,399.4125,366.76376
2025-12-01 20:03:00,399.3375,366.54227
2025-12-01 20:13:00,400.0125,368.29218
2025-12-01 20:23:00,400.575,368.46436
2025-12-01 20:33:00,401.2875,367.5206
2025-12-01 20:43:00,400.875,368.0556
2025-12-01 20:53:00,400.95,371.07916
2025-12-01 21:03:00,400.575,368.9477
2025-12-01 21:13:00,401.25,370.5826
2025-12-01 21:23:00,400.725,371.88245
2025-12-01 21:33:00,400.6125,371.25687
2025-12-01 21:43:00,400.7625,372.51523
2025-12-01 21:53:00,401.25,374.12488
2025-12-01 22:03:00,400.05,371.5948
2025-12-01 22:13:00,400.3125,372.01944
2025-12-01 22:23:00,399.7875,374.51297
2025-12-01 22:33:00,400.3125,374.06943
2025-12-01 22:43:00,399.4875,377.85916
2025-12-01 22:53:00,399.15,378.31546
2025-12-01 23:03:00,399.6375,382.00632
2025-12-01 23:13:00,399.975,381.8684
2025-12-01 23:23:00,399.975,383.82407
2025-12-01 23:33:00,400.35,383.44995
2025-12-01 23:43:00,400.275,385.63843
2025-12-01 23:53:00,400.0875,382.4353
2025-12-02 00:03:00,199.7625,379.75433
2025-12-02 00:13:00,200.175,220.0829
2025-12-02 00:23:00,199.5,207.65031
2025-12-02 00:33:00,200.025,201.72038
2025-12-02 00:43:00,200.2125,202.69165
2025-12-02 00:53:00,200.1375,207.74728
2025-12-02 01:03:00,200.025,220.31354
2025-12-02 01:13:00,399.9375,263.64447
2025-12-02 01:23:00,399.525,374.1056
2025-12-02 01:33:00,399.525,362.75504
2025-12-02 01:43:00,399.5625,359.8177
2025-12-02 01:53:00,381.45,362.38882
2025-12-02 02:03:00,380.0625,357.6408
2025-12-02 02:13:00,379.9875,374.6646
2025-12-02 02:23:00,379.0125,370.26315
2025-12-02 02:33:00,380.25,367.45233
2025-12-02 02:43:00,379.65,364.3934
2025-12-02 02:53:00,380.4375,360.8522
2025-12-02 03:03:00,379.9125,354.80313
2025-12-02 03:13:00,378.3,347.51825
2025-12-02 03:23:00,379.6875,356.35284
2025-12-02 03:33:00,379.125,355.17218
2025-12-02 03:43:00,380.625,352.38004
2025-12-02 03:53:00,380.325,350.26068
2025-12-02 04:03:00,381.0375,347.9895
2025-12-02 04:13:00,380.475,345.40897
2025-12-02 04:23:00,379.65,345.50485
2025-12-02 04:33:00,380.1,343.85696
2025-12-02 04:43:00,379.425,340.98932
2025-12-02 04:53:00,381.3,338.83884
2025-12-02 05:03:00,379.9125,340.7124
2025-12-02 05:13:00,379.2375,338.10486
2025-12-02 05:23:00,380.175,337.8806
2025-12-02 05:33:00,378.9,337.71613
2025-12-02 05:43:00,239.2875,335.45612
2025-12-02 05:53:00,240.975,225.31297
2025-12-02 06:03:00,119.475,215.27017
2025-12-02 06:13:00,120.7875,121.764786
2025-12-02 06:23:00,118.95,113.91812
2025-12-02 06:33:00,236.775,113.647125
2025-12-02 06:43:00,239.85,209.90163
2025-12-02 06:53:00,240.5625,229.29697
2025-12-02 07:03:00,240.075,226.09933
2025-12-02 07:13:00,240.3375,229.93633
2025-12-02 07:23:00,239.1375,253.4183
2025-12-02 07:33:00,239.6625,287.82333
2025-12-02 07:43:00,240.9375,293.61197
2025-12-02 07:53:00,240.1125,276.0425
2025-12-02 08:03:00,249.6,275.25372
2025-12-02 08:13:00,320.25,276.29272
2025-12-02 08:23:00,319.125,323.43228
2025-12-02 08:33:00,321.1875,317.571
2025-12-02 08:43:00,319.5,326.66028
2025-12-02 08:53:00,320.7375,333.79202
2025-12-02 09:03:00,319.125,337.92395
2025-12-02 09:13:00,319.725,348.91714
2025-12-02 09:23:00,320.4375,346.5347
2025-12-02 09:33:00,320.5125,348.138
2025-12-02 09:43:00,320.4375,354.95096
2025-12-02 09:53:00,319.6125,355.53925
2025-12-02 10:03:00,400.275,356.89706
2025-12-02 10:13:00,399.1875,406.7269
2025-12-02 10:23:00,398.4375,408.84518
2025-12-02 10:33:00,399.7125,410.4374
2025-12-02 10:43:00,399.9375,413.36743
2025-12-02 10:53:00,401.5125,418.35974
2025-12-02 11:03:00,400.6875,424.7038
2025-12-02 11:13:00,399.6375,431.08685
2025-12-02 11:23:00,400.2,431.75238
2025-12-02 11:33:00,401.4,430.76422
2025-12-02 11:43:00,399.4875,434.96863
2025-12-02 11:53:00,400.575,433.81833
2025-12-02 12:03:00,399.975,425.47687
2025-12-02 12:13:00,401.0625,433.71655
2025-12-02 12:23:00,400.3125,431.9163
2025-12-02 12:33:00,401.1,434.90823
2025-12-02 12:43:00,400.5,431.24203
2025-12-02 12:53:00,398.7375,430.39487
2025-12-02 13:03:00,400.0875,431.66684
2025-12-02 13:13:00,400.65,430.21628
2025-12-02 13:23:00,400.6125,429.9019
2025-12-02 13:33:00,399.6,434.75137
2025-12-02 13:43:00,400.425,434.24426
2025-12-02 13:53:00,400.1625,432.30304
2025-12-02 14:03:00,400.0875,433.3361
2025-12-02 14:13:00,399.825,430.98993
2025-12-02 14:23:00,399.975,431.6611
2025-12-02 14:33:00,399.9,435.41476
2025-12-02 14:43:00,400.1625,430.7752
2025-12-02 14:53:00,400.8,432.40744
2025-12-02 15:03:00,400.1625,431.98187
2025-12-02 15:13:00,401.0625,432.3573
2025-12-02 15:23:00,400.275,428.4173
2025-12-02 15:33:00,400.425,427.1099
2025-12-02 15:43:00,399.15,418.51678
2025-12-02 15:53:00,399.7125,414.6995
2025-12-02 16:03:00,400.275,422.01233
2025-12-02 16:13:00,400.0125,419.98615
2025-12-02 16:23:00,400.8375,420.01263
2025-12-02 16:33:00,399.975,418.22644
2025-12-02 16:43:00,399.525,420.78116
2025-12-02 16:53:00,399.8625,417.1647
2025-12-02 17:03:00,401.5125,420.92395
2025-12-02 17:13:00,399.7125,422.973
2025-12-02 17:23:00,399.6,421.94263
2025-12-02 17:33:00,399.5625,423.05527
2025-12-02 17:43:00,401.1,423.03107
2025-12-02 17:53:00,401.4375,419.80148
2025-12-02 18:03:00,400.725,420.5479
2025-12-02 18:13:00,399.9375,423.1746
2025-12-02 18:23:00,399.7875,420.84058
2025-12-02 18:33:00,400.875,425.37772
2025-12-02 18:43:00,400.275,420.82703
2025-12-02 18:53:00,400.5,432.08994
2025-12-02 19:03:00,401.5875,432.82843
2025-12-02 19:13:00,399.7875,428.22287
2025-12-02 19:23:00,399.9,425.0404
2025-12-02 19:33:00,401.0625,423.75186
2025-12-02 19:43:00,399.75,423.59454
2025-12-02 19:53:00,400.5375,424.62326
2025-12-02 20:03:00,400.0875,424.10693
2025-12-02 20:13:00,400.2,424.15604
2025-12-02 20:23:00,359.775,423.7831
2025-12-02 20:33:00,360.7125,394.2919
2025-12-02 20:43:00,360.75,389.2704
2025-12-02 20:53:00,360.6375,394.13922
2025-12-02 21:03:00,360.975,394.34137
2025-12-02 21:13:00,360.4875,397.546
2025-12-02 21:23:00,360.3,402.16318
2025-12-02 21:33:00,365.3625,409.2292
2025-12-02 21:43:00,364.7625,412.81894
2025-12-02 21:53:00,364.0875,412.1973
2025-12-02 22:03:00,366.0375,413.30597
2025-12-02 22:13:00,365.025,413.48865
2025-12-02 22:23:00,363.975,412.59216
2025-12-02 22:33:00,365.2125,411.23828
2025-12-02 22:43:00,200.3625,410.54968
2025-12-02 22:53:00,199.2375,283.2847
2025-12-02 23:03:00,200.175,276.3265
2025-12-02 23:13:00,200.9625,275.86258
2025-12-02 23:23:00,199.6875,278.43756
2025-12-02 23:33:00,200.2125,284.89554
2025-12-02 23:43:00,200.2125,296.93735
2025-12-02 23:53:00,405.825,329.77603
2025-12-03 00:03:00,400.3125,446.95172
2025-12-03 00:13:00,400.3125,428.7282
2025-12-03 00:23:00,399.45,426.17725
2025-12-03 00:33:00,399.7875,428.87167
2025-12-03 00:43:00,399.9,438.14108
2025-12-03 00:53:00,400.0125,454.0462
2025-12-03 01:03:00,399.675,452.00568
2025-12-03 01:13:00,400.2,447.03833
2025-12-03 01:23:00,399.4875,444.0386
2025-12-03 01:33:00,399.9,436.82367
2025-12-03 01:43:00,399.9,430.1694
2025-12-03 01:53:00,400.1625,422.02368
2025-12-03 02:03:00,400.2,428.67776
2025-12-03 02:13:00,400.725,428.03088
2025-12-03 02:23:00,399.6375,428.58807
2025-12-03 02:33:00,399.9,427.5032
2025-12-03 02:43:00,400.2375,428.10315
2025-12-03 02:53:00,401.55,427.69336
2025-12-03 03:03:00,400.4625,426.6568
2025-12-03 03:13:00,379.275,426.26697
2025-12-03 03:23:00,379.2,406.99097
2025-12-03 03:33:00,379.8375,404.69247
2025-12-03 03:43:00,380.325,411.7227
2025-12-03 03:53:00,378.45,407.06824
2025-12-03 04:03:00,381.1125,410.64932
2025-12-03 04:13:00,379.3875,422.45016
2025-12-03 04:23:00,380.175,424.04306
2025-12-03 04:33:00,380.4375,422.992
2025-12-03 04:43:00,379.7625,418.51862
2025-12-03 04:53:00,380.2125,416.8634
2025-12-03 05:03:00,380.2125,419.5539
2025-12-03 05:13:00,380.8875,414.91946
2025-12-03 05:23:00,240.4125,411.10718
2025-12-03 05:33:00,238.425,300.531
2025-12-03 05:43:00,119.25,292.66864
2025-12-03 05:53:00,120.0,196.0325
2025-12-03 06:03:00,120.1875,191.48984
2025-12-03 06:13:00,119.625,199.02396
2025-12-03 06:23:00,119.5125,208.2897
2025-12-03 06:33:00,239.8875,233.241
2025-12-03 06:43:00,238.4625,330.91592
2025-12-03 06:53:00,240.0375,327.54324
2025-12-03 07:03:00,239.55,321.98758
2025-12-03 07:13:00,239.5125,317.33685
2025-12-03 07:23:00,239.4375,324.26083
2025-12-03 07:33:00,240.825,319.0012
2025-12-03 07:43:00,239.7375,324.4883
2025-12-03 07:53:00,240.2625,319.48538
2025-12-03 08:03:00,240.15,316.15442
2025-12-03 08:13:00,239.2875,315.24857
2025-12-03 08:23:00,310.8,307.13113
2025-12-03 08:33:00,309.2625,350.09686
2025-12-03 08:43:00,309.4875,360.96988
2025-12-03 08:53:00,309.975,362.95026
2025-12-03 09:03:00,310.8,361.72916
2025-12-03 09:13:00,309.3375,374.09995
2025-12-03 09:23:00,310.2375,385.82303
2025-12-03 09:33:00,311.025,379.60983
2025-12-03 09:43:00,309.75,377.95065
2025-12-03 09:53:00,311.2125,376.67352
2025-12-03 10:03:00,310.9875,376.34326
2025-12-03 10:13:00,309.9,373.75177
2025-12-03 10:23:00,400.5,369.52545
2025-12-03 10:33:00,400.9125,438.19067
