SYS_TIME,TOC_VU,PH_VU,SS_VU,FLUS_VU,TN_VU,TP_VU
1,2025-05-01 00:00:00,4.0,7.3,1.5,18,1.847,0.042
2,2025-05-01 00:01:00,4.0,7.3,1.5,21,1.847,0.042
3,2025-05-01 00:02:00,4.0,7.3,1.5,24,1.847,0.042
4,2025-05-01 00:03:00,4.0,7.3,1.5,27,1.847,0.042
5,2025-05-01 00:04:00,4.0,7.3,1.5,31,1.847,0.042
6,2025-05-01 00:05:00,4.0,7.3,1.5,34,1.847,0.042
7,2025-05-01 00:06:00,4.0,7.3,1.5,37,1.847,0.042
8,2025-05-01 00:07:00,4.0,7.3,1.5,40,1.847,0.042
9,2025-05-01 00:08:00,4.0,7.3,1.5,43,1.847,0.042
10,2025-05-01 00:09:00,4.1,7.3,1.5,46,1.847,0.042
11,2025-05-01 00:10:00,4.1,7.3,1.5,49,1.847,0.042
12,2025-05-01 00:11:00,4.1,7.3,1.5,52,1.847,0.042
13,2025-05-01 00:12:00,4.1,7.3,1.5,55,1.847,0.042
14,2025-05-01 00:13:00,4.1,7.3,1.5,59,1.847,0.042
15,2025-05-01 00:14:00,4.1,7.3,1.5,62,1.847,0.042
16,2025-05-01 00:15:00,4.1,7.3,1.5,64,1.847,0.042
17,2025-05-01 00:16:00,4.1,7.3,1.5,67,1.847,0.042
18,2025-05-01 00:17:00,4.1,7.3,1.5,70,1.847,0.042
19,2025-05-01 00:18:00,4.1,7.3,1.5,74,1.847,0.042
20,2025-05-01 00:19:00,3.8,7.3,1.5,76,1.847,0.042
21,2025-05-01 00:20:00,3.8,7.3,1.5,79,1.847,0.042
22,2025-05-01 00:21:00,3.8,7.3,1.5,82,1.847,0.042
23,2025-05-01 00:22:00,3.8,7.3,1.5,84,1.847,0.042
24,2025-05-01 00:23:00,3.8,7.2,1.5,87,1.847,0.042
25,2025-05-01 00:24:00,3.8,7.2,1.5,87,1.847,0.042
26,2025-05-01 00:25:00,3.8,7.2,1.5,93,1.847,0.042
27,2025-05-01 00:26:00,3.8,7.2,1.5,96,1.847,0.042
28,2025-05-01 00:27:00,3.8,7.2,1.5,99,1.847,0.042
29,2025-05-01 00:28:00,3.6,7.2,1.5,101,1.847,0.042
30,2025-05-01 00:29:00,3.6,7.2,1.5,104,1.847,0.042
31,2025-05-01 00:30:00,3.6,7.2,1.5,107,1.847,0.037
32,2025-05-01 00:31:00,3.6,7.2,1.5,110,1.847,0.037
33,2025-05-01 00:32:00,3.6,7.2,1.5,113,1.847,0.037
34,2025-05-01 00:33:00,3.6,7.2,1.5,116,1.847,0.037
35,2025-05-01 00:34:00,3.6,7.2,1.5,119,1.847,0.037
36,2025-05-01 00:35:00,3.6,7.2,1.5,121,1.847,0.037
37,2025-05-01 00:36:00,3.6,7.2,1.5,124,1.847,0.037
38,2025-05-01 00:37:00,3.9,7.2,1.5,127,1.847,0.037
39,2025-05-01 00:38:00,3.9,7.2,1.5,130,1.847,0.037
40,2025-05-01 00:39:00,3.9,7.2,1.5,133,1.847,0.037
41,2025-05-01 00:40:00,3.9,7.2,1.5,136,1.847,0.037
42,2025-05-01 00:41:00,3.9,7.2,1.5,139,1.937,0.037
43,2025-05-01 00:42:00,3.9,7.2,1.5,142,1.937,0.037
44,2025-05-01 00:43:00,3.9,7.2,1.5,145,1.937,0.037
45,2025-05-01 00:44:00,3.9,7.3,1.5,147,1.937,0.037
46,2025-05-01 00:45:00,3.9,7.4,1.5,149,1.937,0.037
47,2025-05-01 00:46:00,3.9,7.4,1.5,153,1.937,0.037
48,2025-05-01 00:47:00,3.4,7.4,1.5,156,1.937,0.037
49,2025-05-01 00:48:00,3.4,7.4,1.5,158,1.937,0.037
50,2025-05-01 00:49:00,3.4,7.3,1.5,161,1.937,0.037
51,2025-05-01 00:50:00,3.4,7.3,1.5,164,1.937,0.037
52,2025-05-01 00:51:00,3.4,7.3,1.5,167,1.937,0.037
53,2025-05-01 00:52:00,3.4,7.3,1.5,170,1.937,0.037
54,2025-05-01 00:53:00,3.4,7.3,1.5,173,1.937,0.037
55,2025-05-01 00:54:00,3.4,7.3,1.5,176,1.937,0.037
56,2025-05-01 00:55:00,3.4,7.5,1.5,179,1.937,0.037
57,2025-05-01 00:56:00,4.1,7.4,1.5,182,1.937,0.037
58,2025-05-01 00:57:00,4.1,7.3,1.5,185,1.937,0.037
59,2025-05-01 00:58:00,4.1,7.3,1.5,188,1.937,0.037
60,2025-05-01 00:59:00,4.1,7.3,1.5,192,1.937,0.037
61,2025-05-01 01:00:00,4.1,7.3,1.5,196,1.937,0.037
62,2025-05-01 01:01:00,4.1,7.3,1.5,202,1.937,0.037
63,2025-05-01 01:02:00,4.1,7.2,1.5,208,1.937,0.037
64,2025-05-01 01:03:00,4.1,7.2,1.5,213,1.937,0.037
65,2025-05-01 01:04:00,4.1,7.2,1.5,219,1.937,0.037
66,2025-05-01 01:05:00,4.1,7.2,1.5,225,1.937,0.037
67,2025-05-01 01:06:00,3.7,7.2,1.5,230,1.937,0.037
68,2025-05-01 01:07:00,3.7,7.2,1.5,236,1.937,0.037
69,2025-05-01 01:08:00,3.7,7.2,1.5,242,1.937,0.037
70,2025-05-01 01:09:00,3.7,7.2,1.5,248,1.937,0.037
71,2025-05-01 01:10:00,3.7,7.2,1.5,253,1.937,0.037
72,2025-05-01 01:11:00,3.7,7.2,1.5,259,1.937,0.037
73,2025-05-01 01:12:00,3.7,7.2,1.5,265,1.937,0.037
74,2025-05-01 01:13:00,3.7,7.2,1.5,271,1.937,0.037
75,2025-05-01 01:14:00,3.7,7.2,1.5,276,1.937,0.037
76,2025-05-01 01:15:00,3.7,7.2,1.5,282,1.937,0.037
77,2025-05-01 01:16:00,3.7,7.2,1.5,287,1.937,0.037
78,2025-05-01 01:17:00,3.7,7.2,1.5,291,1.937,0.037
79,2025-05-01 01:18:00,3.7,7.2,1.5,295,1.937,0.037
80,2025-05-01 01:19:00,3.7,7.2,1.5,298,1.937,0.037
81,2025-05-01 01:20:00,3.7,7.2,1.5,302,1.937,0.037
82,2025-05-01 01:21:00,3.7,7.2,1.5,307,1.937,0.037
83,2025-05-01 01:22:00,3.7,7.2,1.5,312,1.937,0.037
84,2025-05-01 01:23:00,3.7,7.2,1.5,318,1.937,0.037
85,2025-05-01 01:24:00,3.7,7.2,1.5,323,1.937,0.028
86,2025-05-01 01:25:00,4.2,7.2,1.5,329,1.937,0.028
87,2025-05-01 01:26:00,4.2,7.2,1.5,333,1.937,0.028
88,2025-05-01 01:27:00,4.2,7.2,1.5,337,1.937,0.028
89,2025-05-01 01:28:00,4.2,7.2,1.5,341,1.937,0.028
90,2025-05-01 01:29:00,4.2,7.2,1.5,344,1.937,0.028
91,2025-05-01 01:30:00,4.2,7.2,1.5,349,1.937,0.028
92,2025-05-01 01:31:00,4.2,7.1,1.5,354,1.937,0.028
93,2025-05-01 01:32:00,4.2,7.1,1.5,359,1.937,0.028
94,2025-05-01 01:33:00,4.2,7.2,1.5,365,1.937,0.028
95,2025-05-01 01:34:00,4.2,7.2,1.5,371,1.937,0.028
96,2025-05-01 01:35:00,4.2,7.2,1.5,376,1.937,0.028
97,2025-05-01 01:36:00,4.2,7.2,1.5,382,1.937,0.028
98,2025-05-01 01:37:00,4.2,7.2,1.5,387,1.937,0.028
99,2025-05-01 01:38:00,4.2,7.2,1.5,393,1.937,0.028
100,2025-05-01 01:39:00,4.2,7.2,1.5,399,1.937,0.028
101,2025-05-01 01:40:00,4.2,7.2,1.5,404,1.937,0.028
102,2025-05-01 01:41:00,4.2,7.2,1.5,410,1.848,0.028
103,2025-05-01 01:42:00,4.2,7.2,1.5,416,1.848,0.028
104,2025-05-01 01:43:00,4.2,7.2,1.5,422,1.848,0.028
105,2025-05-01 01:44:00,3.8,7.2,1.5,427,1.848,0.028
106,2025-05-01 01:45:00,3.8,7.2,1.5,433,1.848,0.028
107,2025-05-01 01:46:00,3.8,7.2,1.5,437,1.848,0.028
108,2025-05-01 01:47:00,3.8,7.2,1.5,441,1.848,0.028
109,2025-05-01 01:48:00,3.8,7.2,1.5,444,1.848,0.028
110,2025-05-01 01:49:00,3.8,7.2,1.5,448,1.848,0.028
111,2025-05-01 01:50:00,3.8,7.2,1.5,451,1.848,0.028
112,2025-05-01 01:51:00,3.8,7.2,1.5,455,1.848,0.028
113,2025-05-01 01:52:00,3.8,7.2,1.5,461,1.848,0.028
114,2025-05-01 01:53:00,3.5,7.2,1.5,466,1.848,0.028
115,2025-05-01 01:54:00,3.5,7.2,1.5,472,1.848,0.028
116,2025-05-01 01:55:00,3.5,7.2,1.5,478,1.848,0.028
117,2025-05-01 01:56:00,3.5,7.2,1.5,484,1.848,0.028
118,2025-05-01 01:57:00,3.5,7.2,1.5,489,1.848,0.028
119,2025-05-01 01:58:00,3.5,7.2,1.5,495,1.848,0.028
120,2025-05-01 01:59:00,3.5,7.2,1.5,500,1.848,0.028
121,2025-05-01 02:00:00,3.5,7.2,1.5,507,1.848,0.028
122,2025-05-01 02:01:00,3.5,7.2,1.5,512,1.848,0.028
123,2025-05-01 02:02:00,3.8,7.2,1.5,516,1.848,0.028
124,2025-05-01 02:03:00,3.8,7.2,1.5,520,1.848,0.028
125,2025-05-01 02:04:00,3.8,7.1,1.5,524,1.848,0.028
126,2025-05-01 02:05:00,3.8,7.2,1.5,530,1.848,0.028
127,2025-05-01 02:06:00,3.8,7.1,1.5,534,1.848,0.028
128,2025-05-01 02:07:00,3.8,7.2,1.5,539,1.848,0.028
129,2025-05-01 02:08:00,3.8,7.2,1.5,545,1.848,0.028
130,2025-05-01 02:09:00,3.8,7.2,1.5,550,1.848,0.028
131,2025-05-01 02:10:00,3.8,7.2,1.5,556,1.848,0.028
132,2025-05-01 02:11:00,3.8,7.2,1.5,562,1.848,0.028
133,2025-05-01 02:12:00,4.0,7.2,1.5,567,1.848,0.028
134,2025-05-01 02:13:00,4.0,7.2,1.5,573,1.848,0.028
135,2025-05-01 02:14:00,4.0,7.2,1.5,579,1.848,0.028
136,2025-05-01 02:15:00,4.0,7.2,1.5,585,1.848,0.028
137,2025-05-01 02:16:00,4.0,7.2,1.5,590,1.848,0.028
138,2025-05-01 02:17:00,4.0,7.2,1.5,596,1.848,0.031
139,2025-05-01 02:18:00,4.0,7.2,1.5,599,1.848,0.031
140,2025-05-01 02:19:00,4.0,7.2,1.5,603,1.848,0.031
141,2025-05-01 02:20:00,4.0,7.2,1.5,606,1.848,0.031
142,2025-05-01 02:21:00,3.9,7.2,1.5,610,1.848,0.031
143,2025-05-01 02:22:00,3.9,7.2,1.5,614,1.848,0.031
144,2025-05-01 02:23:00,3.9,7.2,1.5,620,1.848,0.031
145,2025-05-01 02:24:00,3.9,7.2,1.5,625,1.848,0.031
146,2025-05-01 02:25:00,3.9,7.2,1.5,630,1.848,0.031
147,2025-05-01 02:26:00,3.9,7.2,1.5,636,1.848,0.031
148,2025-05-01 02:27:00,3.9,7.2,1.5,642,1.848,0.031
149,2025-05-01 02:28:00,3.9,7.2,1.5,648,1.848,0.031
150,2025-05-01 02:29:00,3.9,7.2,1.5,653,1.848,0.031
151,2025-05-01 02:30:00,3.9,7.2,1.5,659,1.848,0.031
152,2025-05-01 02:31:00,4.2,7.2,1.5,665,1.848,0.031
153,2025-05-01 02:32:00,4.2,7.2,1.5,670,1.848,0.031
154,2025-05-01 02:33:00,4.2,7.1,1.5,676,1.848,0.031
155,2025-05-01 02:34:00,4.2,7.1,1.5,681,1.848,0.031
156,2025-05-01 02:35:00,4.2,7.2,1.5,684,1.848,0.031
157,2025-05-01 02:36:00,4.2,7.2,1.5,688,1.848,0.031
158,2025-05-01 02:37:00,4.2,7.1,1.5,692,1.848,0.031
159,2025-05-01 02:38:00,4.2,7.2,1.5,697,1.848,0.031
160,2025-05-01 02:39:00,4.2,7.2,1.5,703,1.848,0.031
161,2025-05-01 02:40:00,3.8,7.2,1.5,708,1.848,0.031
162,2025-05-01 02:41:00,3.8,7.2,1.5,714,1.848,0.031
163,2025-05-01 02:42:00,3.8,7.2,1.5,720,1.932,0.031
164,2025-05-01 02:43:00,3.8,7.2,1.5,726,1.932,0.031
165,2025-05-01 02:44:00,3.8,7.2,1.5,732,1.932,0.031
166,2025-05-01 02:45:00,3.8,7.2,1.5,737,1.932,0.031
167,2025-05-01 02:46:00,3.8,7.2,1.5,742,1.932,0.031
168,2025-05-01 02:47:00,3.8,7.2,1.5,747,1.932,0.031
169,2025-05-01 02:48:00,3.8,7.2,1.5,751,1.932,0.031
170,2025-05-01 02:49:00,3.8,7.2,1.5,754,1.932,0.031
171,2025-05-01 02:50:00,4.0,7.2,1.5,758,1.932,0.031
172,2025-05-01 02:51:00,4.0,7.2,1.5,761,1.932,0.031
173,2025-05-01 02:52:00,4.0,7.2,1.5,765,1.932,0.031
174,2025-05-01 02:53:00,4.0,7.2,1.5,770,1.932,0.031
175,2025-05-01 02:54:00,4.0,7.2,1.5,775,1.932,0.031
176,2025-05-01 02:55:00,4.0,7.2,1.5,781,1.932,0.031
177,2025-05-01 02:56:00,4.0,7.2,1.5,787,1.932,0.031
178,2025-05-01 02:57:00,4.0,7.2,1.5,792,1.932,0.031
179,2025-05-01 02:58:00,4.0,7.1,1.5,798,1.932,0.031
180,2025-05-01 02:59:00,3.5,7.2,1.5,803,1.932,0.031
181,2025-05-01 03:00:00,3.5,7.2,1.5,809,1.932,0.031
182,2025-05-01 03:01:00,3.5,7.1,1.5,815,1.932,0.031
183,2025-05-01 03:02:00,3.5,7.1,1.5,821,1.932,0.031
184,2025-05-01 03:03:00,3.5,7.1,1.5,825,1.932,0.031
185,2025-05-01 03:04:00,3.5,7.1,1.5,829,1.932,0.031
186,2025-05-01 03:05:00,3.5,7.1,1.5,832,1.932,0.031
187,2025-05-01 03:06:00,3.5,7.1,1.5,835,1.932,0.031
188,2025-05-01 03:07:00,3.5,7.1,1.5,838,1.932,0.031
189,2025-05-01 03:08:00,3.5,7.1,1.5,842,1.932,0.031
190,2025-05-01 03:09:00,4.0,7.2,1.5,845,1.932,0.031
191,2025-05-01 03:10:00,4.0,7.1,1.5,849,1.932,0.038
192,2025-05-01 03:11:00,4.0,7.1,1.5,853,1.932,0.038
193,2025-05-01 03:12:00,4.0,7.1,1.5,859,1.932,0.038
194,2025-05-01 03:13:00,4.0,7.1,1.5,866,1.932,0.038
195,2025-05-01 03:14:00,4.0,7.2,1.5,871,1.932,0.038
196,2025-05-01 03:15:00,4.0,7.1,1.5,877,1.932,0.038
197,2025-05-01 03:16:00,4.0,7.1,1.5,883,1.932,0.038
198,2025-05-01 03:17:00,4.0,7.1,1.5,889,1.932,0.038
199,2025-05-01 03:18:00,3.6,7.1,1.5,895,1.932,0.038
200,2025-05-01 03:19:00,3.6,7.1,1.5,901,1.932,0.038
201,2025-05-01 03:20:00,3.6,7.1,1.5,907,1.932,0.038
202,2025-05-01 03:21:00,3.6,7.1,1.5,913,1.932,0.038
203,2025-05-01 03:22:00,3.6,7.1,1.5,919,1.932,0.038
204,2025-05-01 03:23:00,3.6,7.1,1.5,925,1.932,0.038
205,2025-05-01 03:24:00,3.6,7.1,1.5,931,1.932,0.038
206,2025-05-01 03:25:00,3.6,7.1,1.5,937,1.932,0.038
207,2025-05-01 03:26:00,3.6,7.1,1.5,943,1.932,0.038
208,2025-05-01 03:27:00,3.6,7.1,1.5,949,1.932,0.038
209,2025-05-01 03:28:00,3.5,7.1,1.5,954,1.932,0.038
210,2025-05-01 03:29:00,3.5,7.1,1.5,960,1.932,0.038
211,2025-05-01 03:30:00,3.5,7.1,1.5,966,1.932,0.038
212,2025-05-01 03:31:00,3.5,7.1,1.5,972,1.932,0.038
213,2025-05-01 03:32:00,3.5,7.1,1.5,978,1.932,0.038
214,2025-05-01 03:33:00,3.5,7.1,1.5,984,1.932,0.038
215,2025-05-01 03:34:00,3.5,7.1,1.5,989,1.932,0.038
216,2025-05-01 03:35:00,3.5,7.1,1.5,993,1.932,0.038
217,2025-05-01 03:36:00,3.5,7.1,1.5,997,1.932,0.038
218,2025-05-01 03:37:00,4.2,7.1,1.5,1000,1.932,0.038
219,2025-05-01 03:38:00,4.2,7.1,1.5,1004,1.932,0.038
220,2025-05-01 03:39:00,4.2,7.1,1.5,1007,1.932,0.038
221,2025-05-01 03:40:00,4.2,7.1,1.5,1011,1.932,0.038
222,2025-05-01 03:41:00,4.2,7.1,1.5,1014,1.932,0.038
223,2025-05-01 03:42:00,4.2,7.2,1.5,1018,1.855,0.038
224,2025-05-01 03:43:00,4.2,7.2,1.5,1022,1.855,0.038
225,2025-05-01 03:44:00,4.2,7.1,1.5,1026,1.855,0.038
226,2025-05-01 03:45:00,4.2,7.1,1.5,1032,1.855,0.038
227,2025-05-01 03:46:00,4.2,7.1,1.5,1038,1.855,0.038
228,2025-05-01 03:47:00,3.9,7.1,1.5,1044,1.855,0.038
229,2025-05-01 03:48:00,3.9,7.1,1.5,1050,1.855,0.038
230,2025-05-01 03:49:00,3.9,7.1,1.5,1056,1.855,0.038
231,2025-05-01 03:50:00,3.9,7.1,1.5,1062,1.855,0.038
232,2025-05-01 03:51:00,3.9,7.1,1.5,1067,1.855,0.038
233,2025-05-01 03:52:00,3.9,7.1,1.5,1073,1.855,0.038
234,2025-05-01 03:53:00,3.9,7.1,1.5,1079,1.855,0.038
235,2025-05-01 03:54:00,3.9,7.1,1.5,1085,1.855,0.038
236,2025-05-01 03:55:00,3.9,7.1,1.5,1091,1.855,0.038
237,2025-05-01 03:56:00,3.9,7.1,1.5,1098,1.855,0.038
238,2025-05-01 03:57:00,3.9,7.1,1.5,1103,1.855,0.038
239,2025-05-01 03:58:00,3.9,7.1,1.5,1110,1.855,0.038
240,2025-05-01 03:59:00,3.9,7.1,1.5,1115,1.855,0.038
241,2025-05-01 04:00:00,3.9,7.1,1.5,1122,1.855,0.038
242,2025-05-01 04:01:00,3.9,7.1,1.5,1127,1.855,0.038
243,2025-05-01 04:02:00,3.9,7.1,1.5,1133,1.855,0.038
244,2025-05-01 04:03:00,3.9,7.1,1.5,1138,1.855,0.038
245,2025-05-01 04:04:00,3.9,7.1,1.5,1143,1.855,0.045
246,2025-05-01 04:05:00,3.5,7.1,1.5,1146,1.855,0.045
247,2025-05-01 04:06:00,3.5,7.1,1.5,1150,1.855,0.045
248,2025-05-01 04:07:00,3.5,7.1,1.5,1155,1.855,0.045
249,2025-05-01 04:08:00,3.5,7.1,1.5,1162,1.855,0.045
250,2025-05-01 04:09:00,3.5,7.1,1.5,1167,1.855,0.045
251,2025-05-01 04:10:00,3.5,7.1,1.5,1173,1.855,0.045
252,2025-05-01 04:11:00,3.5,7.1,1.5,1179,1.855,0.045
253,2025-05-01 04:12:00,3.5,7.1,1.5,1185,1.855,0.045
254,2025-05-01 04:13:00,3.5,7.1,1.5,1191,1.855,0.045
255,2025-05-01 04:14:00,3.5,7.1,1.5,1197,1.855,0.045
256,2025-05-01 04:15:00,3.4,7.1,1.5,1203,1.855,0.045
257,2025-05-01 04:16:00,3.4,7.1,1.5,1209,1.855,0.045
258,2025-05-01 04:17:00,3.4,7.1,1.5,1215,1.855,0.045
259,2025-05-01 04:18:00,3.4,7.1,1.5,1221,1.855,0.045
260,2025-05-01 04:19:00,3.4,7.1,1.5,1226,1.855,0.045
261,2025-05-01 04:20:00,3.4,7.1,1.5,1232,1.855,0.045
262,2025-05-01 04:21:00,3.4,7.1,1.5,1238,1.855,0.045
263,2025-05-01 04:22:00,3.4,7.1,1.5,1244,1.855,0.045
264,2025-05-01 04:23:00,3.4,7.1,1.5,1250,1.855,0.045
265,2025-05-01 04:24:00,3.6,7.1,1.5,1256,1.855,0.045
266,2025-05-01 04:25:00,3.6,7.1,1.5,1262,1.855,0.045
267,2025-05-01 04:26:00,3.6,7.1,1.5,1266,1.855,0.045
268,2025-05-01 04:27:00,3.6,7.1,1.5,1270,1.855,0.045
269,2025-05-01 04:28:00,3.6,7.2,1.5,1274,1.855,0.045
270,2025-05-01 04:29:00,3.6,7.1,1.5,1279,1.855,0.045
271,2025-05-01 04:30:00,3.6,7.1,1.5,1284,1.855,0.045
272,2025-05-01 04:31:00,3.6,7.1,1.5,1290,1.855,0.045
273,2025-05-01 04:32:00,3.6,7.1,1.5,1296,1.855,0.045
274,2025-05-01 04:33:00,3.6,7.1,1.5,1302,1.855,0.045
275,2025-05-01 04:34:00,3.7,7.1,1.5,1307,1.855,0.045
276,2025-05-01 04:35:00,3.7,7.1,1.5,1311,1.855,0.045
277,2025-05-01 04:36:00,3.7,7.1,1.5,1315,1.855,0.045
278,2025-05-01 04:37:00,3.7,7.1,1.5,1318,1.855,0.045
279,2025-05-01 04:38:00,3.7,7.1,1.5,1322,1.855,0.045
280,2025-05-01 04:39:00,3.7,7.1,1.5,1326,1.855,0.045
281,2025-05-01 04:40:00,3.7,7.1,1.5,1331,1.855,0.045
282,2025-05-01 04:41:00,3.7,7.1,1.5,1337,1.855,0.045
283,2025-05-01 04:42:00,3.7,7.1,1.5,1343,1.709,0.045
284,2025-05-01 04:43:00,3.9,7.1,1.5,1349,1.709,0.045
285,2025-05-01 04:44:00,3.9,7.1,1.5,1353,1.709,0.045
286,2025-05-01 04:45:00,3.9,7.1,1.5,1359,1.709,0.045
287,2025-05-01 04:46:00,3.9,7.1,1.5,1365,1.709,0.045
288,2025-05-01 04:47:00,3.9,7.1,1.5,1371,1.709,0.045
289,2025-05-01 04:48:00,3.9,7.1,1.5,1377,1.709,0.045
290,2025-05-01 04:49:00,3.9,7.1,1.5,1383,1.709,0.045
291,2025-05-01 04:50:00,3.9,7.1,1.5,1389,1.709,0.045
292,2025-05-01 04:51:00,3.9,7.1,1.5,1395,1.709,0.045
293,2025-05-01 04:52:00,3.9,7.1,1.5,1401,1.709,0.045
294,2025-05-01 04:53:00,3.8,7.1,1.5,1407,1.709,0.045
295,2025-05-01 04:54:00,3.8,7.1,1.5,1413,1.709,0.045
296,2025-05-01 04:55:00,3.8,7.1,1.5,1418,1.709,0.045
297,2025-05-01 04:56:00,3.8,7.1,1.5,1424,1.709,0.045
298,2025-05-01 04:57:00,3.8,7.1,1.5,1430,1.709,0.044
299,2025-05-01 04:58:00,3.8,7.1,1.5,1436,1.709,0.044
300,2025-05-01 04:59:00,3.8,7.1,1.5,1443,1.709,0.044
301,2025-05-01 05:00:00,3.8,7.1,1.5,1448,1.709,0.044
302,2025-05-01 05:01:00,3.8,7.1,1.5,1454,1.709,0.044
303,2025-05-01 05:02:00,3.7,7.1,1.5,1460,1.709,0.044
304,2025-05-01 05:03:00,3.7,7.1,1.5,1466,1.709,0.044
305,2025-05-01 05:04:00,3.7,7.1,1.5,1472,1.709,0.044
306,2025-05-01 05:05:00,3.7,7.1,1.5,1478,1.709,0.044
307,2025-05-01 05:06:00,3.7,7.1,1.5,1483,1.709,0.044
308,2025-05-01 05:07:00,3.7,7.1,1.5,1488,1.709,0.044
309,2025-05-01 05:08:00,3.7,7.1,1.5,1491,1.709,0.044
310,2025-05-01 05:09:00,3.7,7.1,1.5,1495,1.709,0.044
311,2025-05-01 05:10:00,3.7,7.1,1.5,1498,1.709,0.044
312,2025-05-01 05:11:00,3.7,7.1,1.5,1502,1.709,0.044
313,2025-05-01 05:12:00,4.2,7.1,1.5,1505,1.709,0.044
314,2025-05-01 05:13:00,4.2,7.1,1.5,1509,1.709,0.044
315,2025-05-01 05:14:00,4.2,7.1,1.5,1513,1.709,0.044
316,2025-05-01 05:15:00,4.2,7.1,1.5,1516,1.709,0.044
317,2025-05-01 05:16:00,4.2,7.1,1.5,1521,1.709,0.044
318,2025-05-01 05:17:00,4.2,7.1,1.5,1527,1.709,0.044
319,2025-05-01 05:18:00,4.2,7.1,1.5,1532,1.709,0.044
320,2025-05-01 05:19:00,4.2,7.1,1.5,1538,1.709,0.044
321,2025-05-01 05:20:00,4.2,7.1,1.5,1544,1.709,0.044
322,2025-05-01 05:21:00,3.7,7.1,1.5,1549,1.709,0.044
323,2025-05-01 05:22:00,3.7,7.1,1.5,1555,1.709,0.044
324,2025-05-01 05:23:00,3.7,7.1,1.5,1561,1.709,0.044
325,2025-05-01 05:24:00,3.7,7.1,1.5,1567,1.709,0.044
326,2025-05-01 05:25:00,3.7,7.1,1.5,1572,1.709,0.044
327,2025-05-01 05:26:00,3.7,7.1,1.5,1579,1.709,0.044
328,2025-05-01 05:27:00,3.7,7.1,1.5,1584,1.709,0.044
329,2025-05-01 05:28:00,3.7,7.1,1.5,1590,1.709,0.044
330,2025-05-01 05:29:00,3.7,7.1,1.5,1595,1.709,0.044
331,2025-05-01 05:30:00,3.7,7.1,1.5,1601,1.709,0.044
332,2025-05-01 05:31:00,3.5,7.1,1.5,1607,1.709,0.044
333,2025-05-01 05:32:00,3.5,7.1,1.5,1612,1.709,0.044
334,2025-05-01 05:33:00,3.5,7.1,1.5,1618,1.709,0.044
335,2025-05-01 05:34:00,3.5,7.1,1.5,1624,1.709,0.044
336,2025-05-01 05:35:00,3.5,7.1,1.5,1629,1.709,0.044
337,2025-05-01 05:36:00,3.5,7.1,1.5,1635,1.709,0.044
338,2025-05-01 05:37:00,3.5,7.1,1.5,1639,1.709,0.044
339,2025-05-01 05:38:00,3.5,7.1,1.5,1643,1.709,0.044
340,2025-05-01 05:39:00,3.5,7.1,1.5,1649,1.709,0.044
341,2025-05-01 05:40:00,3.6,7.1,1.5,1654,1.709,0.044
342,2025-05-01 05:41:00,3.6,7.1,1.5,1659,1.709,0.044
343,2025-05-01 05:42:00,3.6,7.1,1.5,1662,1.901,0.044
344,2025-05-01 05:43:00,3.6,7.1,1.5,1666,1.901,0.044
345,2025-05-01 05:44:00,3.6,7.1,1.5,1669,1.901,0.044
346,2025-05-01 05:45:00,3.6,7.1,1.5,1673,1.901,0.044
347,2025-05-01 05:46:00,3.6,7.1,1.5,1677,1.901,0.044
348,2025-05-01 05:47:00,3.6,7.1,1.5,1680,1.901,0.044
349,2025-05-01 05:48:00,3.6,7.1,1.5,1684,1.901,0.044
350,2025-05-01 05:49:00,3.6,7.1,1.5,1689,1.901,0.044
351,2025-05-01 05:50:00,4.0,7.1,1.5,1695,1.901,0.044
352,2025-05-01 05:51:00,4.0,7.1,1.5,1700,1.901,0.044
353,2025-05-01 05:52:00,4.0,7.1,1.5,1706,1.901,0.044
354,2025-05-01 05:53:00,4.0,7.1,1.5,1711,1.901,0.044
355,2025-05-01 05:54:00,4.0,7.1,1.5,1715,1.901,0.044
356,2025-05-01 05:55:00,4.0,7.1,1.5,1719,1.901,0.044
357,2025-05-01 05:56:00,4.0,7.1,1.5,1722,1.901,0.044
358,2025-05-01 05:57:00,4.0,7.1,1.5,1726,1.901,0.044
359,2025-05-01 05:58:00,4.0,7.1,1.5,1730,1.901,0.044
360,2025-05-01 05:59:00,3.6,7.1,1.5,1733,1.901,0.044
361,2025-05-01 06:00:00,3.6,7.1,1.5,1736,1.901,0.044
362,2025-05-01 06:01:00,3.6,7.1,1.5,1739,1.901,0.044
363,2025-05-01 06:02:00,3.6,7.1,1.5,1742,1.901,0.044
364,2025-05-01 06:03:00,3.6,7.1,1.5,1745,1.901,0.044
365,2025-05-01 06:04:00,3.6,7.1,1.5,1748,1.901,0.044
366,2025-05-01 06:05:00,3.6,7.1,1.5,1751,1.901,0.044
367,2025-05-01 06:06:00,3.6,7.1,1.5,1754,1.901,0.044
368,2025-05-01 06:07:00,3.6,7.1,1.5,1757,1.901,0.044
369,2025-05-01 06:08:00,3.4,7.1,1.5,1760,1.901,0.044
370,2025-05-01 06:09:00,3.4,7.1,1.5,1763,1.901,0.044
371,2025-05-01 06:10:00,3.4,7.1,1.5,1766,1.901,0.044
372,2025-05-01 06:11:00,3.4,7.1,1.5,1770,1.901,0.044
373,2025-05-01 06:12:00,3.4,7.1,1.5,1773,1.901,0.044
374,2025-05-01 06:13:00,3.4,7.1,1.5,1775,1.901,0.044
375,2025-05-01 06:14:00,3.4,7.1,1.5,1778,1.901,0.044
376,2025-05-01 06:15:00,3.4,7.1,1.5,1782,1.901,0.044
377,2025-05-01 06:16:00,3.4,7.1,1.5,1785,1.901,0.044
378,2025-05-01 06:17:00,3.4,7.1,1.5,1788,1.901,0.044
379,2025-05-01 06:18:00,3.3,7.1,1.5,1792,1.901,0.044
380,2025-05-01 06:19:00,3.3,7.1,1.5,1795,1.901,0.044
381,2025-05-01 06:20:00,3.3,7.1,1.5,1798,1.901,0.044
382,2025-05-01 06:21:00,3.3,7.1,1.5,1801,1.901,0.044
383,2025-05-01 06:22:00,3.3,7.1,1.5,1804,1.901,0.044
384,2025-05-01 06:23:00,3.3,7.1,1.5,1807,1.901,0.044
385,2025-05-01 06:24:00,3.3,7.1,1.5,1810,1.901,0.044
386,2025-05-01 06:25:00,3.3,7.1,1.5,1812,1.901,0.044
387,2025-05-01 06:26:00,3.3,7.1,1.5,1815,1.901,0.044
388,2025-05-01 06:27:00,4.0,7.1,1.5,1818,1.901,0.044
389,2025-05-01 06:28:00,4.0,7.1,1.5,1821,1.901,0.044
390,2025-05-01 06:29:00,4.0,7.1,1.5,1824,1.901,0.044
391,2025-05-01 06:30:00,4.0,7.1,1.5,1827,1.901,0.044
392,2025-05-01 06:31:00,4.0,7.1,1.5,1829,1.901,0.044
393,2025-05-01 06:32:00,4.0,7.1,1.5,1832,1.901,0.044
394,2025-05-01 06:33:00,4.0,7.1,1.5,1835,1.901,0.044
395,2025-05-01 06:34:00,4.0,7.1,1.5,1838,1.901,0.044
396,2025-05-01 06:35:00,4.0,7.1,1.5,1840,1.901,0.044
397,2025-05-01 06:36:00,4.0,7.1,1.5,1843,1.901,0.044
398,2025-05-01 06:37:00,3.4,7.1,1.5,1846,1.901,0.044
399,2025-05-01 06:38:00,3.4,7.1,1.5,1849,1.901,0.044
400,2025-05-01 06:39:00,3.4,7.1,1.5,1852,1.901,0.044
401,2025-05-01 06:40:00,3.4,7.1,1.5,1854,1.901,0.044
402,2025-05-01 06:41:00,3.4,7.1,1.5,1857,1.901,0.044
403,2025-05-01 06:42:00,3.4,7.1,1.5,1860,2.0,0.044
404,2025-05-01 06:43:00,3.4,7.1,1.5,1862,2.0,0.044
405,2025-05-01 06:44:00,3.4,7.1,1.5,1865,2.0,0.042
406,2025-05-01 06:45:00,3.4,7.1,1.5,1868,2.0,0.042
407,2025-05-01 06:46:00,3.4,7.1,1.5,1871,2.0,0.042
408,2025-05-01 06:47:00,3.4,7.1,1.5,1873,2.0,0.042
409,2025-05-01 06:48:00,3.4,7.1,1.5,1876,2.0,0.042
410,2025-05-01 06:49:00,3.4,7.1,1.5,1879,2.0,0.042
411,2025-05-01 06:50:00,3.4,7.1,1.5,1882,2.0,0.042
412,2025-05-01 06:51:00,3.4,7.1,1.5,1884,2.0,0.042
413,2025-05-01 06:52:00,3.4,7.1,1.5,1887,2.0,0.042
414,2025-05-01 06:53:00,3.4,7.1,1.5,1890,2.0,0.042
415,2025-05-01 06:54:00,3.4,7.1,1.5,1893,2.0,0.042
416,2025-05-01 06:55:00,3.4,7.2,1.5,1896,2.0,0.042
417,2025-05-01 06:56:00,3.7,7.2,1.5,1898,2.0,0.042
418,2025-05-01 06:57:00,3.7,7.2,1.5,1901,2.0,0.042
419,2025-05-01 06:58:00,3.7,7.2,1.5,1904,2.0,0.042
420,2025-05-01 06:59:00,3.7,7.2,1.5,1907,2.0,0.042
421,2025-05-01 07:00:00,3.7,7.2,1.5,1910,2.0,0.042
422,2025-05-01 07:01:00,3.7,7.2,1.5,1912,2.0,0.042
423,2025-05-01 07:02:00,3.7,7.2,1.5,1915,2.0,0.042
424,2025-05-01 07:03:00,3.7,7.2,1.5,1918,2.0,0.042
425,2025-05-01 07:04:00,3.7,7.2,1.5,1921,2.0,0.042
426,2025-05-01 07:05:00,3.6,7.2,1.5,1924,2.0,0.042
427,2025-05-01 07:06:00,3.6,7.2,1.5,1926,2.0,0.042
428,2025-05-01 07:07:00,3.6,7.2,1.5,1930,2.0,0.042
429,2025-05-01 07:08:00,3.6,7.2,1.5,1933,2.0,0.042
430,2025-05-01 07:09:00,3.6,7.2,1.5,1936,2.0,0.042
431,2025-05-01 07:10:00,3.6,7.2,1.5,1938,2.0,0.042
432,2025-05-01 07:11:00,3.6,7.2,1.5,1941,2.0,0.042
433,2025-05-01 07:12:00,3.6,7.2,1.5,1944,2.0,0.042
434,2025-05-01 07:13:00,3.6,7.2,1.5,1947,2.0,0.042
435,2025-05-01 07:14:00,3.6,7.2,1.5,1950,2.0,0.042
436,2025-05-01 07:15:00,3.9,7.1,1.5,1952,2.0,0.042
437,2025-05-01 07:16:00,3.9,7.1,1.5,1956,2.0,0.042
438,2025-05-01 07:17:00,3.9,7.1,1.5,1958,2.0,0.042
439,2025-05-01 07:18:00,3.9,7.1,1.5,1961,2.0,0.042
440,2025-05-01 07:19:00,3.9,7.1,1.5,1964,2.0,0.042
441,2025-05-01 07:20:00,3.9,7.1,1.5,1967,2.0,0.042
442,2025-05-01 07:21:00,3.9,7.1,1.5,1970,2.0,0.042
443,2025-05-01 07:22:00,3.9,7.2,1.5,1973,2.0,0.042
444,2025-05-01 07:23:00,3.9,7.1,1.5,1976,2.0,0.042
445,2025-05-01 07:24:00,3.6,7.2,1.5,1978,2.0,0.042
446,2025-05-01 07:25:00,3.6,7.2,1.5,1981,2.0,0.042
447,2025-05-01 07:26:00,3.6,7.2,1.5,1984,2.0,0.042
448,2025-05-01 07:27:00,3.6,7.2,1.5,1987,2.0,0.042
449,2025-05-01 07:28:00,3.6,7.2,1.5,1990,2.0,0.042
450,2025-05-01 07:29:00,3.6,7.2,1.5,1993,2.0,0.042
451,2025-05-01 07:30:00,3.6,7.2,1.5,1996,2.0,0.042
452,2025-05-01 07:31:00,3.6,7.2,1.5,1999,2.0,0.042
453,2025-05-01 07:32:00,3.6,7.2,1.5,2001,2.0,0.042
454,2025-05-01 07:33:00,3.6,7.2,1.5,2004,2.0,0.042
455,2025-05-01 07:34:00,3.2,7.2,1.5,2008,2.0,0.042
456,2025-05-01 07:35:00,3.2,7.2,1.5,2011,2.0,0.042
457,2025-05-01 07:36:00,3.2,7.2,1.5,2013,2.0,0.042
458,2025-05-01 07:37:00,3.2,7.2,1.5,2016,2.0,0.038
459,2025-05-01 07:38:00,3.2,7.2,1.5,2019,2.0,0.038
460,2025-05-01 07:39:00,3.2,7.2,1.5,2022,2.0,0.038
461,2025-05-01 07:40:00,3.2,7.2,1.5,2025,2.0,0.038
462,2025-05-01 07:41:00,3.2,7.2,1.5,2028,2.0,0.038
463,2025-05-01 07:42:00,3.2,7.2,1.5,2031,2.048,0.038
464,2025-05-01 07:43:00,3.8,7.2,1.5,2034,2.048,0.038
465,2025-05-01 07:44:00,3.8,7.2,1.5,2037,2.048,0.038
466,2025-05-01 07:45:00,3.8,7.2,1.5,2040,2.048,0.038
467,2025-05-01 07:46:00,3.8,7.2,1.5,2042,2.048,0.038
468,2025-05-01 07:47:00,3.8,7.2,1.5,2045,2.048,0.038
469,2025-05-01 07:48:00,3.8,7.2,1.5,2048,2.048,0.038
470,2025-05-01 07:49:00,3.8,7.1,1.5,2051,2.048,0.038
471,2025-05-01 07:50:00,3.8,7.1,1.5,2054,2.048,0.038
472,2025-05-01 07:51:00,3.8,7.1,1.5,2057,2.048,0.038
473,2025-05-01 07:52:00,3.8,7.1,1.5,2060,2.048,0.038
474,2025-05-01 07:53:00,3.9,7.1,1.5,2063,2.048,0.038
475,2025-05-01 07:54:00,3.9,7.1,1.5,2066,2.048,0.038
476,2025-05-01 07:55:00,3.9,7.2,1.5,2069,2.048,0.038
477,2025-05-01 07:56:00,3.9,7.2,1.5,2072,2.048,0.038
478,2025-05-01 07:57:00,3.9,7.2,1.5,2075,2.048,0.038
479,2025-05-01 07:58:00,3.9,7.2,1.5,2078,2.048,0.038
480,2025-05-01 07:59:00,3.9,7.2,1.5,2081,2.048,0.038
481,2025-05-01 08:00:00,3.9,7.2,1.5,2085,2.048,0.038
482,2025-05-01 08:01:00,3.9,7.2,1.5,2088,2.048,0.038
483,2025-05-01 08:02:00,3.7,7.2,1.5,2091,2.048,0.038
484,2025-05-01 08:03:00,3.7,7.2,1.5,2095,2.048,0.038
485,2025-05-01 08:04:00,3.7,7.2,1.5,2099,2.048,0.038
486,2025-05-01 08:05:00,3.7,7.2,1.5,2102,2.048,0.038
487,2025-05-01 08:06:00,3.7,7.2,1.5,2105,2.048,0.038
488,2025-05-01 08:07:00,3.7,7.2,1.5,2108,2.048,0.038
489,2025-05-01 08:08:00,3.7,7.2,1.5,2111,2.048,0.038
490,2025-05-01 08:09:00,3.7,7.2,1.5,2114,2.048,0.038
491,2025-05-01 08:10:00,3.7,7.2,1.5,2117,2.048,0.038
492,2025-05-01 08:11:00,3.7,7.2,1.5,2120,2.048,0.038
493,2025-05-01 08:12:00,3.4,7.2,1.5,2122,2.048,0.038
494,2025-05-01 08:13:00,3.4,7.2,1.5,2125,2.048,0.038
495,2025-05-01 08:14:00,3.4,7.2,1.5,2129,2.048,0.038
496,2025-05-01 08:15:00,3.4,7.2,1.5,2132,2.048,0.038
497,2025-05-01 08:16:00,3.4,7.2,1.5,2135,2.048,0.038
498,2025-05-01 08:17:00,3.4,7.2,1.5,2138,2.048,0.038
499,2025-05-01 08:18:00,3.4,7.2,1.5,2141,2.048,0.038
500,2025-05-01 08:19:00,3.4,7.1,1.5,2145,2.048,0.038
501,2025-05-01 08:20:00,3.4,7.1,1.5,2147,2.048,0.038
502,2025-05-01 08:21:00,3.8,7.1,1.5,2150,2.048,0.038
503,2025-05-01 08:22:00,3.8,7.1,1.5,2153,2.048,0.038
504,2025-05-01 08:23:00,3.8,7.1,1.5,2156,2.048,0.038
505,2025-05-01 08:24:00,3.8,7.1,1.5,2159,2.048,0.038
506,2025-05-01 08:25:00,3.8,7.1,1.5,2162,2.048,0.038
507,2025-05-01 08:26:00,3.8,7.1,1.5,2165,2.048,0.038
508,2025-05-01 08:27:00,3.8,7.1,1.5,2168,2.048,0.038
509,2025-05-01 08:28:00,3.8,7.1,1.5,2171,2.048,0.038
510,2025-05-01 08:29:00,3.8,7.1,1.5,2174,2.048,0.038
511,2025-05-01 08:30:00,3.4,7.1,1.5,2177,2.048,0.038
512,2025-05-01 08:31:00,3.4,7.1,1.5,2181,2.048,0.036
513,2025-05-01 08:32:00,3.4,7.1,1.5,2184,2.048,0.036
514,2025-05-01 08:33:00,3.4,7.1,1.5,2188,2.048,0.036
515,2025-05-01 08:34:00,3.4,7.1,1.5,2191,2.048,0.036
516,2025-05-01 08:35:00,3.4,7.1,1.5,2195,2.048,0.036
517,2025-05-01 08:36:00,3.4,7.1,1.5,2198,2.048,0.036
518,2025-05-01 08:37:00,3.4,7.1,1.5,2202,2.048,0.036
519,2025-05-01 08:38:00,3.4,7.1,1.5,2205,2.048,0.036
520,2025-05-01 08:39:00,3.4,7.1,1.5,2209,2.048,0.036
521,2025-05-01 08:40:00,3.9,7.1,1.5,2212,2.048,0.036
522,2025-05-01 08:41:00,3.9,7.1,1.5,2216,2.048,0.036
523,2025-05-01 08:42:00,3.9,7.1,1.5,2219,2.024,0.036
524,2025-05-01 08:43:00,3.9,7.1,1.5,2222,2.024,0.036
525,2025-05-01 08:44:00,3.9,7.1,1.5,2225,2.024,0.036
526,2025-05-01 08:45:00,3.9,7.1,1.5,2229,2.024,0.036
527,2025-05-01 08:46:00,3.9,7.1,1.5,2232,2.024,0.036
528,2025-05-01 08:47:00,3.9,7.1,1.5,2235,2.024,0.036
529,2025-05-01 08:48:00,3.9,7.1,1.5,2238,2.024,0.036
530,2025-05-01 08:49:00,3.9,7.1,1.5,2241,2.024,0.036
531,2025-05-01 08:50:00,3.9,7.1,1.5,2244,2.024,0.036
532,2025-05-01 08:51:00,3.9,7.1,1.5,2248,2.024,0.036
533,2025-05-01 08:52:00,3.9,7.1,1.5,2251,2.024,0.036
534,2025-05-01 08:53:00,3.9,7.1,1.5,2254,2.024,0.036
535,2025-05-01 08:54:00,3.9,7.1,1.5,2257,2.024,0.036
536,2025-05-01 08:55:00,3.9,7.1,1.5,2260,2.024,0.036
537,2025-05-01 08:56:00,3.9,7.1,1.5,2264,2.024,0.036
538,2025-05-01 08:57:00,3.9,7.1,1.5,2266,2.024,0.036
539,2025-05-01 08:58:00,3.9,7.1,1.5,2270,2.024,0.036
540,2025-05-01 08:59:00,3.8,7.1,1.5,2273,2.024,0.036
541,2025-05-01 09:00:00,3.8,7.1,1.5,2276,2.024,0.036
542,2025-05-01 09:01:00,3.8,7.1,1.5,2279,2.024,0.036
543,2025-05-01 09:02:00,3.8,7.1,1.5,2282,2.024,0.036
544,2025-05-01 09:03:00,3.8,7.1,1.5,2282,2.024,0.036
545,2025-05-01 09:04:00,3.8,7.1,1.5,2288,2.024,0.036
546,2025-05-01 09:05:00,3.8,7.1,1.5,2288,2.024,0.036
547,2025-05-01 09:06:00,3.8,7.1,1.5,2294,2.024,0.036
548,2025-05-01 09:07:00,3.8,7.1,1.5,2298,2.024,0.036
549,2025-05-01 09:08:00,3.9,7.1,1.5,2301,2.024,0.036
550,2025-05-01 09:09:00,3.9,7.1,1.5,2305,2.024,0.036
551,2025-05-01 09:10:00,3.9,7.1,1.5,2308,2.024,0.036
552,2025-05-01 09:11:00,3.9,7.1,1.5,2312,2.024,0.036
553,2025-05-01 09:12:00,3.9,7.1,1.5,2315,2.024,0.036
554,2025-05-01 09:13:00,3.9,7.1,1.5,2319,2.024,0.036
555,2025-05-01 09:14:00,3.9,7.1,1.5,2322,2.024,0.036
556,2025-05-01 09:15:00,3.9,7.1,1.5,2326,2.024,0.036
557,2025-05-01 09:16:00,3.9,7.1,1.5,2329,2.024,0.036
558,2025-05-01 09:17:00,3.9,7.1,1.5,2333,2.024,0.036
559,2025-05-01 09:18:00,4.1,7.1,1.5,2336,2.024,0.036
560,2025-05-01 09:19:00,4.1,7.1,1.5,2340,2.024,0.036
561,2025-05-01 09:20:00,4.1,7.1,1.5,2344,2.024,0.036
562,2025-05-01 09:21:00,4.1,7.1,1.5,2346,2.024,0.036
563,2025-05-01 09:22:00,4.1,7.1,1.5,2349,2.024,0.036
564,2025-05-01 09:23:00,4.1,7.1,1.5,2352,2.024,0.036
565,2025-05-01 09:24:00,4.1,7.1,1.5,2355,2.024,0.033
566,2025-05-01 09:25:00,4.1,7.1,1.5,2358,2.024,0.033
567,2025-05-01 09:26:00,4.1,7.1,1.5,2361,2.024,0.033
568,2025-05-01 09:27:00,3.4,7.1,1.5,2363,2.024,0.033
569,2025-05-01 09:28:00,3.4,7.1,1.5,2367,2.024,0.033
570,2025-05-01 09:29:00,3.4,7.1,1.5,2369,2.024,0.033
571,2025-05-01 09:30:00,3.4,7.1,1.5,2372,2.024,0.033
572,2025-05-01 09:31:00,3.4,7.1,1.5,2375,2.024,0.033
573,2025-05-01 09:32:00,3.4,7.1,1.5,2378,2.024,0.033
574,2025-05-01 09:33:00,3.4,7.1,1.5,2381,2.024,0.033
575,2025-05-01 09:34:00,3.4,7.1,1.5,2384,2.024,0.033
576,2025-05-01 09:35:00,3.4,7.1,1.5,2387,2.024,0.033
577,2025-05-01 09:36:00,3.4,7.1,1.5,2390,2.024,0.033
578,2025-05-01 09:37:00,3.4,7.1,1.5,2393,2.024,0.033
579,2025-05-01 09:38:00,3.4,7.1,1.5,2397,2.024,0.033
580,2025-05-01 09:39:00,3.4,7.1,1.5,2400,2.024,0.033
581,2025-05-01 09:40:00,3.4,7.1,1.5,2404,2.024,0.033
582,2025-05-01 09:41:00,3.4,7.1,1.5,2407,2.024,0.033
583,2025-05-01 09:42:00,3.4,7.1,1.5,2411,1.965,0.033
584,2025-05-01 09:43:00,3.4,7.1,1.5,2411,1.965,0.033
585,2025-05-01 09:44:00,3.4,7.1,1.5,2418,1.965,0.033
586,2025-05-01 09:45:00,3.4,7.1,1.5,2421,1.965,0.033
587,2025-05-01 09:46:00,3.7,7.1,1.5,2425,1.965,0.033
588,2025-05-01 09:47:00,3.7,7.1,1.5,2428,1.965,0.033
589,2025-05-01 09:48:00,3.7,7.1,1.5,2432,1.965,0.033
590,2025-05-01 09:49:00,3.7,7.1,1.5,2435,1.965,0.033
591,2025-05-01 09:50:00,3.7,7.1,1.5,2438,1.965,0.033
592,2025-05-01 09:51:00,3.7,7.1,1.5,2441,1.965,0.033
593,2025-05-01 09:52:00,3.7,7.1,1.5,2444,1.965,0.033
594,2025-05-01 09:53:00,3.7,7.1,1.5,2447,1.965,0.033
595,2025-05-01 09:54:00,3.7,7.1,1.5,2450,1.965,0.033
596,2025-05-01 09:55:00,3.7,7.1,1.5,2453,1.965,0.033
597,2025-05-01 09:56:00,4.0,7.1,1.5,2456,1.965,0.033
598,2025-05-01 09:57:00,4.0,7.1,1.5,2459,1.965,0.033
599,2025-05-01 09:58:00,4.0,7.1,1.5,2462,1.965,0.033
600,2025-05-01 09:59:00,4.0,7.1,1.5,2465,1.965,0.033
601,2025-05-01 10:00:00,4.0,7.1,1.5,2468,1.965,0.033
602,2025-05-01 10:01:00,4.0,7.1,1.5,2471,1.965,0.033
603,2025-05-01 10:02:00,4.0,7.1,1.5,2474,1.965,0.033
604,2025-05-01 10:03:00,4.0,7.1,1.5,2477,1.965,0.033
605,2025-05-01 10:04:00,4.0,7.1,1.5,2480,1.965,0.033
606,2025-05-01 10:05:00,3.9,7.1,1.5,2484,1.965,0.033
607,2025-05-01 10:06:00,3.9,7.1,1.5,2490,1.965,0.033
608,2025-05-01 10:07:00,3.9,7.1,1.5,2497,1.965,0.033
609,2025-05-01 10:08:00,3.9,7.1,1.5,2502,1.965,0.033
610,2025-05-01 10:09:00,3.9,7.1,1.5,2508,1.965,0.033
611,2025-05-01 10:10:00,3.9,7.1,1.5,2515,1.965,0.033
612,2025-05-01 10:11:00,3.9,7.1,1.5,2522,1.965,0.033
613,2025-05-01 10:12:00,3.9,7.1,1.5,2528,1.965,0.033
614,2025-05-01 10:13:00,3.9,7.1,1.5,2535,1.965,0.033
615,2025-05-01 10:14:00,3.9,7.1,1.5,2539,1.965,0.033
616,2025-05-01 10:15:00,3.9,7.1,1.5,2544,1.965,0.033
617,2025-05-01 10:16:00,3.9,7.1,1.5,2550,1.965,0.033
618,2025-05-01 10:17:00,3.9,7.1,1.5,2557,1.965,0.033
619,2025-05-01 10:18:00,3.9,7.1,1.5,2564,1.965,0.033
620,2025-05-01 10:19:00,3.9,7.1,1.5,2571,1.965,0.033
621,2025-05-01 10:20:00,3.9,7.1,1.5,2577,1.965,0.033
622,2025-05-01 10:21:00,3.9,7.1,1.5,2584,1.965,0.033
623,2025-05-01 10:22:00,3.9,7.1,1.5,2590,1.965,0.033
624,2025-05-01 10:23:00,3.9,7.1,1.5,2590,1.965,0.033
625,2025-05-01 10:24:00,3.9,7.1,1.5,2590,1.965,0.033
626,2025-05-01 10:25:00,3.7,7.1,1.5,2610,1.965,0.033
627,2025-05-01 10:26:00,3.7,7.1,1.5,2610,1.965,0.033
628,2025-05-01 10:27:00,3.7,7.1,1.5,2624,1.965,0.033
629,2025-05-01 10:28:00,3.7,7.1,1.5,2630,1.965,0.033
630,2025-05-01 10:29:00,3.7,7.1,1.5,2637,1.965,0.033
631,2025-05-01 10:30:00,3.7,7.1,1.5,2642,1.965,0.033
632,2025-05-01 10:31:00,3.7,7.1,1.5,2649,1.965,0.033
633,2025-05-01 10:32:00,3.7,7.1,1.5,2656,1.965,0.033
634,2025-05-01 10:33:00,3.9,7.1,1.5,2662,1.965,0.033
635,2025-05-01 10:34:00,3.9,7.1,1.5,2669,1.965,0.033
636,2025-05-01 10:35:00,3.9,7.1,1.5,2676,1.965,0.033
637,2025-05-01 10:36:00,3.9,7.1,1.5,2682,1.965,0.033
638,2025-05-01 10:37:00,3.9,7.1,1.5,2689,1.965,0.033
639,2025-05-01 10:38:00,3.9,7.1,1.5,2695,1.965,0.033
640,2025-05-01 10:39:00,3.9,7.1,1.5,2702,1.965,0.033
641,2025-05-01 10:40:00,3.9,7.1,1.5,2709,1.965,0.033
642,2025-05-01 10:41:00,3.9,7.1,1.5,2715,1.965,0.033
643,2025-05-01 10:42:00,3.9,7.1,1.5,2722,1.944,0.033
644,2025-05-01 10:43:00,4.1,7.1,1.5,2729,1.944,0.033
645,2025-05-01 10:44:00,4.1,7.1,1.5,2734,1.944,0.033
646,2025-05-01 10:45:00,4.1,7.1,1.5,2739,1.944,0.033
647,2025-05-01 10:46:00,4.1,7.1,1.5,2746,1.944,0.033
648,2025-05-01 10:47:00,4.1,7.1,1.5,2753,1.944,0.033
649,2025-05-01 10:48:00,4.1,7.1,1.5,2759,1.944,0.033
650,2025-05-01 10:49:00,4.1,7.1,1.5,2766,1.944,0.033
651,2025-05-01 10:50:00,4.1,7.1,1.5,2771,1.944,0.033
652,2025-05-01 10:51:00,4.1,7.1,1.5,2775,1.944,0.033
653,2025-05-01 10:52:00,3.9,7.1,1.5,2778,1.944,0.033
654,2025-05-01 10:53:00,3.9,7.1,1.5,2782,1.944,0.033
655,2025-05-01 10:54:00,3.9,7.1,1.5,2786,1.944,0.033
656,2025-05-01 10:55:00,3.9,7.1,1.5,2786,1.944,0.033
657,2025-05-01 10:56:00,3.9,7.1,1.5,2792,1.944,0.033
658,2025-05-01 10:57:00,3.9,7.1,1.5,2797,1.944,0.033
659,2025-05-01 10:58:00,3.9,7.1,1.5,2801,1.944,0.033
660,2025-05-01 10:59:00,3.9,7.1,1.5,2808,1.944,0.033
661,2025-05-01 11:00:00,3.9,7.1,1.5,2814,1.944,0.033
662,2025-05-01 11:01:00,3.9,7.1,1.5,2821,1.944,0.033
663,2025-05-01 11:02:00,4.1,7.1,1.5,2828,1.944,0.033
664,2025-05-01 11:03:00,4.1,7.1,1.5,2834,1.944,0.033
665,2025-05-01 11:04:00,4.1,7.1,1.5,2841,1.944,0.033
666,2025-05-01 11:05:00,4.1,7.1,1.5,2848,1.944,0.033
667,2025-05-01 11:06:00,4.1,7.1,1.5,2854,1.944,0.033
668,2025-05-01 11:07:00,4.1,7.1,1.5,2861,1.944,0.033
669,2025-05-01 11:08:00,4.1,7.1,1.5,2868,1.944,0.033
670,2025-05-01 11:09:00,4.1,7.1,1.5,2874,1.944,0.033
671,2025-05-01 11:10:00,4.1,7.1,1.5,2880,1.944,0.033
672,2025-05-01 11:11:00,4.1,7.1,1.5,2886,1.944,0.033
673,2025-05-01 11:12:00,4.1,7.1,1.5,2893,1.944,0.033
674,2025-05-01 11:13:00,4.1,7.1,1.5,2900,1.944,0.033
675,2025-05-01 11:14:00,4.1,7.1,1.5,2906,1.944,0.033
676,2025-05-01 11:15:00,4.1,7.1,1.5,2913,1.944,0.033
677,2025-05-01 11:16:00,4.1,7.1,1.5,2920,1.944,0.033
678,2025-05-01 11:17:00,4.1,7.1,1.5,2920,1.944,0.033
679,2025-05-01 11:18:00,4.1,7.1,1.5,2933,1.944,0.033
680,2025-05-01 11:19:00,4.1,7.1,1.5,2940,1.944,0.033
681,2025-05-01 11:20:00,4.1,7.1,1.5,2946,1.944,0.033
682,2025-05-01 11:21:00,4.1,7.1,1.5,2953,1.944,0.033
683,2025-05-01 11:22:00,4.1,7.1,1.5,2953,1.944,0.033
684,2025-05-01 11:23:00,4.1,7.1,1.5,2953,1.944,0.033
685,2025-05-01 11:24:00,4.1,7.1,1.5,2968,1.944,0.033
686,2025-05-01 11:25:00,4.1,7.1,1.5,2972,1.944,0.033
687,2025-05-01 11:26:00,4.1,7.1,1.5,2972,1.944,0.033
688,2025-05-01 11:27:00,4.1,7.1,1.5,2979,1.944,0.033
689,2025-05-01 11:28:00,4.1,7.1,1.5,2982,1.944,0.033
690,2025-05-01 11:29:00,4.1,7.1,1.5,2989,1.944,0.033
691,2025-05-01 11:30:00,4.1,7.1,1.5,2989,1.944,0.033
692,2025-05-01 11:31:00,3.6,7.1,1.5,3002,1.944,0.033
693,2025-05-01 11:32:00,3.6,7.1,1.5,3007,1.944,0.033
694,2025-05-01 11:33:00,3.6,7.1,1.5,3015,1.944,0.033
695,2025-05-01 11:34:00,3.6,7.1,1.5,3022,1.944,0.033
696,2025-05-01 11:35:00,3.6,7.1,1.5,3028,1.944,0.033
697,2025-05-01 11:36:00,3.6,7.1,1.5,3035,1.944,0.033
698,2025-05-01 11:37:00,3.6,7.1,1.5,3035,1.944,0.033
699,2025-05-01 11:38:00,3.6,7.1,1.5,3046,1.944,0.033
700,2025-05-01 11:39:00,3.6,7.1,1.5,3050,1.944,0.033
701,2025-05-01 11:40:00,4.0,7.0,1.5,3053,1.944,0.033
702,2025-05-01 11:41:00,4.0,7.0,1.5,3057,1.944,0.033
703,2025-05-01 11:42:00,4.0,7.0,1.5,3060,1.937,0.033
704,2025-05-01 11:43:00,4.0,7.0,1.5,3064,1.937,0.033
705,2025-05-01 11:44:00,4.0,7.0,1.5,3067,1.937,0.033
706,2025-05-01 11:45:00,4.0,6.9,1.5,3071,1.937,0.033
707,2025-05-01 11:46:00,4.0,6.9,1.5,3075,1.937,0.033
708,2025-05-01 11:47:00,4.0,6.9,1.5,3081,1.937,0.033
709,2025-05-01 11:48:00,4.0,7.0,1.5,3087,1.937,0.033
710,2025-05-01 11:49:00,4.1,7.0,1.5,3094,1.937,0.033
711,2025-05-01 11:50:00,4.1,7.0,1.5,3101,1.937,0.033
712,2025-05-01 11:51:00,4.1,7.0,1.5,3107,1.937,0.033
713,2025-05-01 11:52:00,4.1,7.0,1.5,3114,1.937,0.033
714,2025-05-01 11:53:00,4.1,7.0,1.5,3121,1.937,0.033
715,2025-05-01 11:54:00,4.1,7.0,1.5,3127,1.937,0.033
716,2025-05-01 11:55:00,4.1,7.0,1.5,3134,1.937,0.033
717,2025-05-01 11:56:00,4.1,7.0,1.5,3141,1.937,0.033
718,2025-05-01 11:57:00,4.1,7.0,1.5,3147,1.937,0.033
719,2025-05-01 11:58:00,4.1,7.0,1.5,3153,1.937,0.033
720,2025-05-01 11:59:00,4.1,7.0,1.5,3157,1.937,0.033
721,2025-05-01 12:00:00,4.1,7.0,1.5,3163,1.937,0.033
722,2025-05-01 12:01:00,4.1,7.0,1.5,3170,1.937,0.033
723,2025-05-01 12:02:00,4.1,7.0,1.5,3177,1.937,0.033
724,2025-05-01 12:03:00,4.1,7.0,1.5,3177,1.937,0.033
725,2025-05-01 12:04:00,4.1,7.0,1.5,3190,1.937,0.033
726,2025-05-01 12:05:00,4.1,7.0,1.5,3196,1.937,0.033
727,2025-05-01 12:06:00,4.1,7.0,1.5,3196,1.937,0.033
728,2025-05-01 12:07:00,4.1,7.0,1.5,3196,1.937,0.033
729,2025-05-01 12:08:00,3.7,7.0,1.5,3217,1.937,0.033
730,2025-05-01 12:09:00,3.7,7.0,1.5,3217,1.937,0.033
731,2025-05-01 12:10:00,3.7,7.0,1.5,3230,1.937,0.033
732,2025-05-01 12:11:00,3.7,7.0,1.5,3237,1.937,0.033
733,2025-05-01 12:12:00,3.7,7.0,1.5,3243,1.937,0.033
734,2025-05-01 12:13:00,3.7,7.0,1.5,3243,1.937,0.033
735,2025-05-01 12:14:00,3.7,7.0,1.5,3256,1.937,0.033
736,2025-05-01 12:15:00,3.7,7.0,1.5,3262,1.937,0.033
737,2025-05-01 12:16:00,3.7,7.0,1.5,3262,1.937,0.033
738,2025-05-01 12:17:00,3.8,7.0,1.5,3276,1.937,0.033
739,2025-05-01 12:18:00,3.8,7.0,1.5,3282,1.937,0.033
740,2025-05-01 12:19:00,3.8,7.0,1.5,3289,1.937,0.033
741,2025-05-01 12:20:00,3.8,7.0,1.5,3289,1.937,0.033
742,2025-05-01 12:21:00,3.8,7.0,1.5,3302,1.937,0.033
743,2025-05-01 12:22:00,3.8,7.0,1.5,3309,1.937,0.033
744,2025-05-01 12:23:00,3.8,7.0,1.5,3309,1.937,0.033
745,2025-05-01 12:24:00,3.8,7.0,1.5,3322,1.937,0.033
746,2025-05-01 12:25:00,3.8,7.0,1.5,3325,1.937,0.033
747,2025-05-01 12:26:00,3.8,7.0,1.5,3329,1.937,0.033
748,2025-05-01 12:27:00,4.1,7.0,1.5,3333,1.937,0.033
749,2025-05-01 12:28:00,4.1,7.0,1.5,3336,1.937,0.033
750,2025-05-01 12:29:00,4.1,7.0,1.5,3336,1.937,0.033
751,2025-05-01 12:30:00,4.1,7.0,1.5,3343,1.937,0.033
752,2025-05-01 12:31:00,4.1,7.0,1.5,3347,1.937,0.033
753,2025-05-01 12:32:00,4.1,7.0,1.5,3354,1.937,0.033
754,2025-05-01 12:33:00,4.1,7.0,1.5,3361,1.937,0.033
755,2025-05-01 12:34:00,4.1,7.0,1.5,3367,1.937,0.033
756,2025-05-01 12:35:00,4.1,7.0,1.5,3374,1.937,0.033
757,2025-05-01 12:36:00,4.5,7.0,1.5,3381,1.937,0.033
758,2025-05-01 12:37:00,4.5,7.0,1.5,3387,1.937,0.033
759,2025-05-01 12:38:00,4.5,7.0,1.5,3394,1.937,0.033
760,2025-05-01 12:39:00,4.5,7.0,1.5,3401,1.937,0.033
761,2025-05-01 12:40:00,4.5,7.0,1.5,3407,1.937,0.033
762,2025-05-01 12:41:00,4.5,7.0,1.5,3414,1.937,0.033
763,2025-05-01 12:42:00,4.5,7.0,1.5,3420,1.998,0.033
764,2025-05-01 12:43:00,4.5,7.1,1.5,3427,1.998,0.033
765,2025-05-01 12:44:00,4.5,7.1,1.5,3432,1.998,0.033
766,2025-05-01 12:45:00,4.5,7.0,1.5,3439,1.998,0.033
767,2025-05-01 12:46:00,4.2,7.0,1.5,3446,1.998,0.033
768,2025-05-01 12:47:00,4.2,7.0,1.5,3452,1.998,0.033
769,2025-05-01 12:48:00,4.2,7.0,1.5,3459,1.998,0.033
770,2025-05-01 12:49:00,4.2,7.0,1.5,3466,1.998,0.033
771,2025-05-01 12:50:00,4.2,7.0,1.5,3473,1.998,0.033
772,2025-05-01 12:51:00,4.2,7.0,1.5,3479,1.998,0.033
773,2025-05-01 12:52:00,4.2,7.0,1.5,3486,1.998,0.033
774,2025-05-01 12:53:00,4.2,7.0,1.5,3492,1.998,0.033
775,2025-05-01 12:54:00,4.2,7.0,1.5,3499,1.998,0.033
776,2025-05-01 12:55:00,3.5,7.0,1.5,3506,1.998,0.033
777,2025-05-01 12:56:00,3.5,7.0,1.5,3512,1.998,0.033
778,2025-05-01 12:57:00,3.5,7.0,1.5,3519,1.998,0.032
779,2025-05-01 12:58:00,3.5,7.1,1.5,3525,1.998,0.032
780,2025-05-01 12:59:00,3.5,7.1,1.5,3531,1.998,0.032
781,2025-05-01 13:00:00,3.5,7.1,1.5,3531,1.998,0.032
782,2025-05-01 13:01:00,3.5,7.0,1.5,3544,1.998,0.032
783,2025-05-01 13:02:00,3.5,7.0,1.5,3551,1.998,0.032
784,2025-05-01 13:03:00,3.5,7.0,1.5,3558,1.998,0.032
785,2025-05-01 13:04:00,3.9,7.0,1.5,3565,1.998,0.032
786,2025-05-01 13:05:00,3.9,7.0,1.5,3572,1.998,0.032
787,2025-05-01 13:06:00,3.9,7.0,1.5,3572,1.998,0.032
788,2025-05-01 13:07:00,3.9,7.0,1.5,3586,1.998,0.032
789,2025-05-01 13:08:00,3.9,7.0,1.5,3586,1.998,0.032
790,2025-05-01 13:09:00,3.9,7.0,1.5,3600,1.998,0.032
791,2025-05-01 13:10:00,3.9,7.0,1.5,3600,1.998,0.032
792,2025-05-01 13:11:00,3.9,7.0,1.5,3600,1.998,0.032
793,2025-05-01 13:12:00,3.9,7.0,1.5,3600,1.998,0.032
794,2025-05-01 13:13:00,3.9,7.0,1.5,3600,1.998,0.032
795,2025-05-01 13:14:00,3.9,7.0,1.5,3600,1.998,0.032
796,2025-05-01 13:15:00,3.9,7.0,1.5,3600,1.998,0.032
797,2025-05-01 13:16:00,3.9,7.0,1.5,3600,1.998,0.032
798,2025-05-01 13:17:00,3.9,7.0,1.5,3600,1.998,0.032
799,2025-05-01 13:18:00,3.9,7.0,1.5,3600,1.998,0.032
800,2025-05-01 13:19:00,3.9,7.0,1.5,3600,1.998,0.032
801,2025-05-01 13:20:00,3.9,7.0,1.5,3600,1.998,0.032
802,2025-05-01 13:21:00,3.9,7.0,1.5,3600,1.998,0.032
803,2025-05-01 13:22:00,3.9,7.0,1.5,3600,1.998,0.032
804,2025-05-01 13:23:00,3.9,7.0,1.5,3600,1.998,0.032
805,2025-05-01 13:24:00,3.9,7.0,1.5,3600,1.998,0.032
806,2025-05-01 13:25:00,3.9,7.0,1.5,3600,1.998,0.032
807,2025-05-01 13:26:00,3.9,7.0,1.5,3600,1.998,0.032
808,2025-05-01 13:27:00,3.9,7.0,1.5,3600,1.998,0.032
809,2025-05-01 13:28:00,3.9,7.0,1.5,3600,1.998,0.032
810,2025-05-01 13:29:00,3.9,7.0,1.5,3600,1.998,0.032
811,2025-05-01 13:30:00,3.9,7.0,1.5,3600,1.998,0.032
812,2025-05-01 13:31:00,3.9,7.0,1.5,3600,1.998,0.032
813,2025-05-01 13:32:00,3.9,7.0,1.5,3600,1.998,0.032
814,2025-05-01 13:33:00,3.9,7.0,1.5,3600,1.998,0.032
815,2025-05-01 13:34:00,3.9,7.0,1.5,3600,1.998,0.032
816,2025-05-01 13:35:00,3.9,7.0,1.5,3600,1.998,0.032
817,2025-05-01 13:36:00,3.9,7.0,1.5,3600,1.998,0.032
818,2025-05-01 13:37:00,3.9,7.0,1.5,3600,1.998,0.032
819,2025-05-01 13:38:00,3.9,7.0,1.5,3600,1.998,0.032
820,2025-05-01 13:39:00,3.9,7.0,1.5,3600,1.998,0.032
821,2025-05-01 13:40:00,3.9,7.0,1.5,3600,1.998,0.032
822,2025-05-01 13:41:00,3.9,7.0,1.5,3600,1.998,0.032
823,2025-05-01 13:42:00,3.9,7.0,1.5,3600,1.998,0.032
824,2025-05-01 13:43:00,3.9,7.0,1.5,3600,1.998,0.032
825,2025-05-01 13:44:00,3.9,7.0,1.5,3600,1.998,0.032
826,2025-05-01 13:45:00,3.9,7.0,1.5,3600,1.998,0.032
827,2025-05-01 13:46:00,3.9,7.0,1.5,3600,1.998,0.032
828,2025-05-01 13:47:00,3.9,7.0,1.5,3600,1.998,0.032
829,2025-05-01 13:48:00,3.9,7.0,1.5,3600,1.998,0.032
830,2025-05-01 13:49:00,3.9,7.0,1.5,3600,1.998,0.032
831,2025-05-01 13:50:00,3.9,7.0,1.5,3600,1.998,0.032
832,2025-05-01 13:51:00,3.9,7.0,1.5,3600,1.998,0.032
833,2025-05-01 13:52:00,3.9,7.0,1.5,3600,1.998,0.032
834,2025-05-01 13:53:00,3.9,7.0,1.5,3600,1.998,0.032
835,2025-05-01 13:54:00,3.9,7.0,1.5,3600,1.998,0.032
836,2025-05-01 13:55:00,3.9,7.0,1.5,3600,1.998,0.032
837,2025-05-01 13:56:00,3.9,7.0,1.5,3600,1.998,0.032
838,2025-05-01 13:57:00,3.9,7.0,1.5,3600,1.998,0.032
839,2025-05-01 13:58:00,3.9,7.0,1.5,3600,1.998,0.032
840,2025-05-01 13:59:00,3.9,7.0,1.5,3600,1.998,0.032
841,2025-05-01 14:00:00,3.9,7.0,1.5,3600,1.998,0.032
842,2025-05-01 14:01:00,3.9,7.0,1.5,3600,1.998,0.032
843,2025-05-01 14:02:00,3.9,7.0,1.5,3600,1.998,0.032
844,2025-05-01 14:03:00,3.9,7.0,1.5,3600,1.998,0.032
845,2025-05-01 14:04:00,3.9,7.0,1.5,3600,1.998,0.032
846,2025-05-01 14:05:00,3.9,7.0,1.5,3600,1.998,0.032
847,2025-05-01 14:06:00,3.9,7.0,1.5,3600,1.998,0.032
848,2025-05-01 14:07:00,3.9,7.0,1.5,3600,1.998,0.032
849,2025-05-01 14:08:00,3.9,7.0,1.5,3600,1.998,0.032
850,2025-05-01 14:09:00,3.9,7.0,1.5,3600,1.998,0.032
851,2025-05-01 14:10:00,3.9,7.0,1.5,3600,1.998,0.032
852,2025-05-01 14:11:00,3.9,7.0,1.5,3600,1.998,0.032
853,2025-05-01 14:12:00,3.9,7.0,1.5,3600,1.998,0.032
854,2025-05-01 14:13:00,3.9,7.0,1.5,3600,1.998,0.032
855,2025-05-01 14:14:00,3.9,7.0,1.5,3600,1.998,0.032
856,2025-05-01 14:15:00,3.9,7.0,1.5,3600,1.998,0.032
857,2025-05-01 14:16:00,3.9,7.0,1.5,3600,1.998,0.032
858,2025-05-01 14:17:00,3.9,7.0,1.5,3600,1.998,0.032
859,2025-05-01 14:18:00,3.9,7.0,1.5,3600,1.998,0.032
860,2025-05-01 14:19:00,3.9,7.0,1.5,3600,1.998,0.032
861,2025-05-01 14:20:00,3.9,7.0,1.5,3600,1.998,0.032
862,2025-05-01 14:21:00,3.9,7.0,1.5,3600,1.998,0.032
863,2025-05-01 14:22:00,3.9,7.0,1.5,3600,1.998,0.032
864,2025-05-01 14:23:00,3.9,7.0,1.5,3600,1.998,0.032
865,2025-05-01 14:24:00,3.9,7.0,1.5,3600,1.998,0.032
866,2025-05-01 14:25:00,3.9,7.0,1.5,3600,1.998,0.032
867,2025-05-01 14:26:00,3.9,7.0,1.5,3600,1.998,0.032
868,2025-05-01 14:27:00,3.9,7.0,1.5,3600,1.998,0.032
869,2025-05-01 14:28:00,3.9,7.0,1.5,3600,1.998,0.032
870,2025-05-01 14:29:00,3.9,7.0,1.5,3600,1.998,0.032
871,2025-05-01 14:30:00,3.9,7.0,1.5,3600,1.998,0.032
872,2025-05-01 14:31:00,3.9,7.0,1.5,3600,1.998,0.032
873,2025-05-01 14:32:00,3.9,7.0,1.5,3600,1.998,0.032
874,2025-05-01 14:33:00,3.9,7.0,1.5,3600,1.998,0.032
875,2025-05-01 14:34:00,3.9,7.0,1.5,3600,1.998,0.032
876,2025-05-01 14:35:00,3.9,7.0,1.5,3600,1.998,0.032
877,2025-05-01 14:36:00,3.9,7.0,1.5,3600,1.998,0.032
878,2025-05-01 14:37:00,3.9,7.0,1.5,3600,1.998,0.032
879,2025-05-01 14:38:00,3.9,7.0,1.5,3600,1.998,0.032
880,2025-05-01 14:39:00,3.9,7.0,1.5,3600,1.998,0.032
881,2025-05-01 14:40:00,3.9,7.0,1.5,3600,1.998,0.032
882,2025-05-01 14:41:00,3.9,7.0,1.5,3600,1.998,0.032
883,2025-05-01 14:42:00,3.9,7.0,1.5,3600,1.998,0.032
884,2025-05-01 14:43:00,3.9,7.0,1.5,3600,1.998,0.032
885,2025-05-01 14:44:00,3.9,7.0,1.5,3600,1.998,0.032
886,2025-05-01 14:45:00,3.9,7.0,1.5,3600,1.998,0.032
887,2025-05-01 14:46:00,3.9,7.0,1.5,3600,1.998,0.032
888,2025-05-01 14:47:00,3.9,7.0,1.5,3600,1.998,0.032
889,2025-05-01 14:48:00,3.9,7.0,1.5,3600,1.998,0.032
890,2025-05-01 14:49:00,3.9,7.0,1.5,3600,1.998,0.032
891,2025-05-01 14:50:00,3.9,7.0,1.5,3600,1.998,0.032
892,2025-05-01 14:51:00,3.9,7.0,1.5,3600,1.998,0.032
893,2025-05-01 14:52:00,3.9,7.0,1.5,3600,1.998,0.032
894,2025-05-01 14:53:00,3.9,7.0,1.5,3600,1.998,0.032
895,2025-05-01 14:54:00,3.9,7.0,1.5,3600,1.998,0.032
896,2025-05-01 14:55:00,3.9,7.0,1.5,3600,1.998,0.032
897,2025-05-01 14:56:00,3.9,7.0,1.5,3600,1.998,0.032
898,2025-05-01 14:57:00,3.9,7.0,1.5,3600,1.998,0.032
899,2025-05-01 14:58:00,3.9,7.0,1.5,3600,1.998,0.032
900,2025-05-01 14:59:00,3.9,7.0,1.5,3600,1.998,0.032
901,2025-05-01 15:00:00,3.9,7.0,1.5,3600,1.998,0.032
902,2025-05-01 15:01:00,3.9,7.0,1.5,3600,1.998,0.032
903,2025-05-01 15:02:00,3.9,7.0,1.5,3600,1.998,0.032
904,2025-05-01 15:03:00,3.9,7.0,1.5,3600,1.998,0.032
905,2025-05-01 15:04:00,3.9,7.0,1.5,3600,1.998,0.032
906,2025-05-01 15:05:00,3.9,7.0,1.5,3600,1.998,0.032
907,2025-05-01 15:06:00,3.9,7.0,1.5,3600,1.998,0.032
908,2025-05-01 15:07:00,3.9,7.0,1.5,3600,1.998,0.032
909,2025-05-01 15:08:00,3.9,7.0,1.5,3600,1.998,0.032
910,2025-05-01 15:09:00,3.9,7.0,1.5,3600,1.998,0.032
911,2025-05-01 15:10:00,3.9,7.0,1.5,3600,1.998,0.032
912,2025-05-01 15:11:00,3.9,7.0,1.5,3600,1.998,0.032
913,2025-05-01 15:12:00,3.9,7.0,1.5,3600,1.998,0.032
914,2025-05-01 15:13:00,3.9,7.0,1.5,3600,1.998,0.032
915,2025-05-01 15:14:00,3.9,7.0,1.5,3600,1.998,0.032
916,2025-05-01 15:15:00,3.9,7.0,1.5,3600,1.998,0.032
917,2025-05-01 15:16:00,3.9,7.0,1.5,3600,1.998,0.032
918,2025-05-01 15:17:00,3.9,7.0,1.5,3600,1.998,0.032
919,2025-05-01 15:18:00,3.9,7.0,1.5,3600,1.998,0.032
920,2025-05-01 15:19:00,3.9,7.0,1.5,3600,1.998,0.032
921,2025-05-01 15:20:00,3.9,7.0,1.5,3600,1.998,0.032
922,2025-05-01 15:21:00,3.9,7.0,1.5,3600,1.998,0.032
923,2025-05-01 15:22:00,3.9,7.0,1.5,3600,1.998,0.032
924,2025-05-01 15:23:00,3.9,7.0,1.5,3600,1.998,0.032
925,2025-05-01 15:24:00,3.9,7.0,1.5,3600,1.998,0.032
926,2025-05-01 15:25:00,3.9,7.0,1.5,3600,1.998,0.032
927,2025-05-01 15:26:00,3.9,7.0,1.5,3600,1.998,0.032
928,2025-05-01 15:27:00,3.9,7.0,1.5,3600,1.998,0.032
929,2025-05-01 15:28:00,3.9,7.0,1.5,3600,1.998,0.032
930,2025-05-01 15:29:00,3.9,7.0,1.5,3600,1.998,0.032
931,2025-05-01 15:30:00,3.9,7.0,1.5,3600,1.998,0.032
932,2025-05-01 15:31:00,3.9,7.0,1.5,3600,1.998,0.032
933,2025-05-01 15:32:00,3.9,7.0,1.5,3600,1.998,0.032
934,2025-05-01 15:33:00,3.9,7.0,1.5,3600,1.998,0.032
935,2025-05-01 15:34:00,3.9,7.0,1.5,3600,1.998,0.032
936,2025-05-01 15:35:00,3.9,7.0,1.5,3600,1.998,0.032
937,2025-05-01 15:36:00,3.9,7.0,1.5,3600,1.998,0.032
938,2025-05-01 15:37:00,3.9,7.0,1.5,3600,1.998,0.032
939,2025-05-01 15:38:00,3.9,7.0,1.5,3600,1.998,0.032
940,2025-05-01 15:39:00,3.9,7.0,1.5,3600,1.998,0.032
941,2025-05-01 15:40:00,3.9,7.0,1.5,3600,1.998,0.032
942,2025-05-01 15:41:00,3.9,7.0,1.5,3600,1.998,0.032
943,2025-05-01 15:42:00,3.9,7.0,1.5,3600,1.998,0.032
944,2025-05-01 15:43:00,3.9,7.0,1.5,3600,1.998,0.032
945,2025-05-01 15:44:00,3.9,7.0,1.5,3600,1.998,0.032
946,2025-05-01 15:45:00,3.9,7.0,1.5,3600,1.998,0.032
947,2025-05-01 15:46:00,3.9,7.0,1.5,3600,1.998,0.032
948,2025-05-01 15:47:00,3.9,7.0,1.5,3600,1.998,0.032
949,2025-05-01 15:48:00,3.9,7.0,1.5,3600,1.998,0.032
950,2025-05-01 15:49:00,3.9,7.0,1.5,3600,1.998,0.032
951,2025-05-01 15:50:00,3.9,7.0,1.5,3600,1.998,0.032
952,2025-05-01 15:51:00,3.9,7.0,1.5,3600,1.998,0.032
953,2025-05-01 15:52:00,3.9,7.0,1.5,3600,1.998,0.032
954,2025-05-01 15:53:00,3.9,7.0,1.5,3600,1.998,0.032
955,2025-05-01 15:54:00,3.9,7.0,1.5,3600,1.998,0.032
956,2025-05-01 15:55:00,3.9,7.0,1.5,3600,1.998,0.032
957,2025-05-01 15:56:00,3.9,7.0,1.5,3600,1.998,0.032
958,2025-05-01 15:57:00,3.9,7.0,1.5,3600,1.998,0.032
959,2025-05-01 15:58:00,3.9,7.0,1.5,3600,1.998,0.032
960,2025-05-01 15:59:00,3.9,7.0,1.5,3600,1.998,0.032
961,2025-05-01 16:00:00,3.9,7.0,1.5,3600,1.998,0.032
962,2025-05-01 16:01:00,3.9,7.0,1.5,3600,1.998,0.032
963,2025-05-01 16:02:00,3.9,7.0,1.5,3600,1.998,0.032
964,2025-05-01 16:03:00,3.9,7.0,1.5,3600,1.998,0.032
965,2025-05-01 16:04:00,3.9,7.0,1.5,3600,1.998,0.032
966,2025-05-01 16:05:00,3.9,7.0,1.5,3600,1.998,0.032
967,2025-05-01 16:06:00,3.9,7.0,1.5,3600,1.998,0.032
968,2025-05-01 16:07:00,3.9,7.0,1.5,3600,1.998,0.032
969,2025-05-01 16:08:00,3.9,7.0,1.5,3600,1.998,0.032
970,2025-05-01 16:09:00,3.9,7.0,1.5,3600,1.998,0.032
971,2025-05-01 16:10:00,3.9,7.0,1.5,3600,1.998,0.032
972,2025-05-01 16:11:00,3.9,7.0,1.5,3600,1.998,0.032
973,2025-05-01 16:12:00,3.9,7.0,1.5,3600,1.998,0.032
974,2025-05-01 16:13:00,3.9,7.0,1.5,3600,1.998,0.032
975,2025-05-01 16:14:00,3.9,7.0,1.5,3600,1.998,0.032
976,2025-05-01 16:15:00,3.9,7.0,1.5,3600,1.998,0.032
977,2025-05-01 16:16:00,3.9,7.0,1.5,3600,1.998,0.032
978,2025-05-01 16:17:00,3.9,7.0,1.5,3600,1.998,0.032
979,2025-05-01 16:18:00,3.9,7.0,1.5,3600,1.998,0.032
980,2025-05-01 16:19:00,3.9,7.0,1.5,3600,1.998,0.032
981,2025-05-01 16:20:00,3.9,7.0,1.5,3600,1.998,0.032
982,2025-05-01 16:21:00,3.9,7.0,1.5,3600,1.998,0.032
983,2025-05-01 16:22:00,3.9,7.0,1.5,3600,1.998,0.032
984,2025-05-01 16:23:00,3.9,7.0,1.5,3600,1.998,0.032
985,2025-05-01 16:24:00,3.9,7.0,1.5,3600,1.998,0.032
986,2025-05-01 16:25:00,3.9,7.0,1.5,3600,1.998,0.032
987,2025-05-01 16:26:00,3.9,7.0,1.5,3600,1.998,0.032
988,2025-05-01 16:27:00,3.9,7.0,1.5,3600,1.998,0.032
989,2025-05-01 16:28:00,3.9,7.0,1.5,3600,1.998,0.032
990,2025-05-01 16:29:00,3.9,7.0,1.5,3600,1.998,0.032
991,2025-05-01 16:30:00,3.9,7.0,1.5,3600,1.998,0.032
992,2025-05-01 16:31:00,3.9,7.0,1.5,3600,1.998,0.032
993,2025-05-01 16:32:00,3.9,7.0,1.5,3600,1.998,0.032
994,2025-05-01 16:33:00,3.9,7.0,1.5,3600,1.998,0.032
995,2025-05-01 16:34:00,3.9,7.0,1.5,3600,1.998,0.032
996,2025-05-01 16:35:00,3.9,7.0,1.5,3600,1.998,0.032
997,2025-05-01 16:36:00,3.9,7.0,1.5,3600,1.998,0.032
998,2025-05-01 16:37:00,3.9,7.0,1.5,3600,1.998,0.032
999,2025-05-01 16:38:00,3.9,7.0,1.5,3600,1.998,0.032
1000,2025-05-01 16:39:00,3.9,7.0,1.5,3600,1.998,0.032
1001,2025-05-01 16:40:00,3.9,7.0,1.5,3600,1.998,0.032
1002,2025-05-01 16:41:00,3.9,7.0,1.5,3600,1.998,0.032
1003,2025-05-01 16:42:00,3.9,7.0,1.5,3600,1.998,0.032
1004,2025-05-01 16:43:00,3.9,7.0,1.5,3600,1.998,0.032
1005,2025-05-01 16:44:00,3.9,7.0,1.5,3600,1.998,0.032
1006,2025-05-01 16:45:00,3.9,7.0,1.5,3600,1.998,0.032
1007,2025-05-01 16:46:00,3.9,7.0,1.5,3600,1.998,0.032
1008,2025-05-01 16:47:00,3.9,7.0,1.5,3600,1.998,0.032
1009,2025-05-01 16:48:00,3.9,7.0,1.5,3600,1.998,0.032
1010,2025-05-01 16:49:00,3.9,7.0,1.5,3600,1.998,0.032
1011,2025-05-01 16:50:00,3.9,7.0,1.5,3600,1.998,0.032
1012,2025-05-01 16:51:00,3.9,7.0,1.5,3600,1.998,0.032
1013,2025-05-01 16:52:00,3.9,7.0,1.5,3600,1.998,0.032
1014,2025-05-01 16:53:00,3.9,7.0,1.5,3600,1.998,0.032
1015,2025-05-01 16:54:00,3.9,7.0,1.5,3600,1.998,0.032
1016,2025-05-01 16:55:00,3.9,7.0,1.5,3600,1.998,0.032
1017,2025-05-01 16:56:00,3.9,7.0,1.5,3600,1.998,0.032
1018,2025-05-01 16:57:00,3.9,7.0,1.5,3600,1.998,0.032
1019,2025-05-01 16:58:00,3.9,7.0,1.5,3600,1.998,0.032
1020,2025-05-01 16:59:00,3.9,7.0,1.5,3600,1.998,0.032
1021,2025-05-01 17:00:00,3.9,7.0,1.5,3600,1.998,0.032
1022,2025-05-01 17:01:00,3.9,7.0,1.5,3600,1.998,0.032
1023,2025-05-01 17:02:00,3.9,7.0,1.5,3600,1.998,0.032
1024,2025-05-01 17:03:00,3.9,7.0,1.5,3600,1.998,0.032
1025,2025-05-01 17:04:00,3.9,7.0,1.5,3600,1.998,0.032
1026,2025-05-01 17:05:00,3.9,7.0,1.5,3600,1.998,0.032
1027,2025-05-01 17:06:00,3.9,7.0,1.5,3600,1.998,0.032
1028,2025-05-01 17:07:00,3.9,7.0,1.5,3600,1.998,0.032
1029,2025-05-01 17:08:00,3.9,7.0,1.5,3600,1.998,0.032
1030,2025-05-01 17:09:00,3.9,7.0,1.5,3600,1.998,0.032
1031,2025-05-01 17:10:00,3.9,7.0,1.5,3600,1.998,0.032
1032,2025-05-01 17:11:00,3.9,7.0,1.5,3600,1.998,0.032
1033,2025-05-01 17:12:00,3.9,7.0,1.5,3600,1.998,0.032
1034,2025-05-01 17:13:00,3.9,7.0,1.5,3600,1.998,0.032
1035,2025-05-01 17:14:00,3.9,7.0,1.5,3600,1.998,0.032
1036,2025-05-01 17:15:00,3.9,7.0,1.5,3600,1.998,0.032
1037,2025-05-01 17:16:00,3.9,7.0,1.5,3600,1.998,0.032
1038,2025-05-01 17:17:00,3.9,7.0,1.5,3600,1.998,0.032
1039,2025-05-01 17:18:00,3.9,7.0,1.5,3600,1.998,0.032
1040,2025-05-01 17:19:00,3.9,7.0,1.5,3600,1.998,0.032
1041,2025-05-01 17:20:00,3.9,7.0,1.5,3600,1.998,0.032
1042,2025-05-01 17:21:00,3.9,7.0,1.5,3600,1.998,0.032
1043,2025-05-01 17:22:00,3.9,7.0,1.5,3600,1.998,0.032
1044,2025-05-01 17:23:00,3.9,7.0,1.5,3600,1.998,0.032
1045,2025-05-01 17:24:00,3.9,7.0,1.5,3600,1.998,0.032
1046,2025-05-01 17:25:00,3.9,7.0,1.5,3600,1.998,0.032
1047,2025-05-01 17:26:00,3.9,7.0,1.5,3600,1.998,0.032
1048,2025-05-01 17:27:00,3.9,7.0,1.5,3600,1.998,0.032
1049,2025-05-01 17:28:00,3.9,7.0,1.5,3600,1.998,0.032
1050,2025-05-01 17:29:00,3.9,7.0,1.5,3600,1.998,0.032
1051,2025-05-01 17:30:00,3.9,7.0,1.5,3600,1.998,0.032
1052,2025-05-01 17:31:00,3.9,7.0,1.5,3600,1.998,0.032
1053,2025-05-01 17:32:00,3.9,7.0,1.5,3600,1.998,0.032
1054,2025-05-01 17:33:00,3.9,7.0,1.5,3600,1.998,0.032
1055,2025-05-01 17:34:00,3.9,7.0,1.5,3600,1.998,0.032
1056,2025-05-01 17:35:00,3.9,7.0,1.5,3600,1.998,0.032
1057,2025-05-01 17:36:00,3.9,7.0,1.5,3600,1.998,0.032
1058,2025-05-01 17:37:00,3.9,7.0,1.5,3600,1.998,0.032
1059,2025-05-01 17:38:00,3.9,7.0,1.5,3600,1.998,0.032
1060,2025-05-01 17:39:00,3.9,7.0,1.5,3600,1.998,0.032
1061,2025-05-01 17:40:00,3.9,7.0,1.5,3600,1.998,0.032
1062,2025-05-01 17:41:00,3.9,7.0,1.5,3600,1.998,0.032
1063,2025-05-01 17:42:00,3.9,7.0,1.5,3600,1.998,0.032
1064,2025-05-01 17:43:00,3.9,7.0,1.5,3600,1.998,0.032
1065,2025-05-01 17:44:00,3.9,7.0,1.5,3600,1.998,0.032
1066,2025-05-01 17:45:00,3.9,7.0,1.5,3600,1.998,0.032
1067,2025-05-01 17:46:00,3.9,7.0,1.5,3600,1.998,0.032
1068,2025-05-01 17:47:00,3.9,7.0,1.5,3600,1.998,0.032
1069,2025-05-01 17:48:00,3.9,7.0,1.5,3600,1.998,0.032
1070,2025-05-01 17:49:00,3.9,7.0,1.5,3600,1.998,0.032
1071,2025-05-01 17:50:00,3.9,7.0,1.5,3600,1.998,0.032
1072,2025-05-01 17:51:00,3.9,7.0,1.5,3600,1.998,0.032
1073,2025-05-01 17:52:00,3.9,7.0,1.5,3600,1.998,0.032
1074,2025-05-01 17:53:00,3.9,7.0,1.5,3600,1.998,0.032
1075,2025-05-01 17:54:00,3.9,7.0,1.5,3600,1.998,0.032
1076,2025-05-01 17:55:00,3.9,7.0,1.5,3600,1.998,0.032
1077,2025-05-01 17:56:00,3.9,7.0,1.5,3600,1.998,0.032
1078,2025-05-01 17:57:00,3.9,7.0,1.5,3600,1.998,0.032
1079,2025-05-01 17:58:00,3.9,7.0,1.5,3600,1.998,0.032
1080,2025-05-01 17:59:00,3.9,7.0,1.5,3600,1.998,0.032
1081,2025-05-01 18:00:00,3.9,7.0,1.5,3600,1.998,0.032
1082,2025-05-01 18:01:00,3.9,7.0,1.5,3600,1.998,0.032
1083,2025-05-01 18:02:00,3.9,7.0,1.5,3600,1.998,0.032
1084,2025-05-01 18:03:00,3.9,7.0,1.5,3600,1.998,0.032
1085,2025-05-01 18:04:00,3.9,7.0,1.5,3600,1.998,0.032
1086,2025-05-01 18:05:00,3.9,7.0,1.5,3600,1.998,0.032
1087,2025-05-01 18:06:00,3.9,7.0,1.5,3600,1.998,0.032
1088,2025-05-01 18:07:00,3.9,7.0,1.5,3600,1.998,0.032
1089,2025-05-01 18:08:00,3.9,7.0,1.5,3600,1.998,0.032
1090,2025-05-01 18:09:00,3.9,7.0,1.5,3600,1.998,0.032
1091,2025-05-01 18:10:00,3.9,7.0,1.5,3600,1.998,0.032
1092,2025-05-01 18:11:00,3.9,7.0,1.5,3600,1.998,0.032
1093,2025-05-01 18:12:00,3.9,7.0,1.5,3600,1.998,0.032
1094,2025-05-01 18:13:00,3.9,7.0,1.5,3600,1.998,0.032
1095,2025-05-01 18:14:00,3.9,7.0,1.5,3600,1.998,0.032
1096,2025-05-01 18:15:00,3.9,7.0,1.5,3600,1.998,0.032
1097,2025-05-01 18:16:00,3.9,7.0,1.5,3600,1.998,0.032
1098,2025-05-01 18:17:00,3.9,7.0,1.5,3600,1.998,0.032
1099,2025-05-01 18:18:00,3.9,7.0,1.5,3600,1.998,0.032
1100,2025-05-01 18:19:00,3.9,7.0,1.5,3600,1.998,0.032
1101,2025-05-01 18:20:00,3.9,7.0,1.5,3600,1.998,0.032
1102,2025-05-01 18:21:00,3.9,7.0,1.5,3600,1.998,0.032
1103,2025-05-01 18:22:00,3.9,7.0,1.5,3600,1.998,0.032
1104,2025-05-01 18:23:00,3.9,7.0,1.5,3600,1.998,0.032
1105,2025-05-01 18:24:00,3.9,7.0,1.5,3600,1.998,0.032
1106,2025-05-01 18:25:00,3.9,7.0,1.5,3600,1.998,0.032
1107,2025-05-01 18:26:00,3.9,7.0,1.5,3600,1.998,0.032
1108,2025-05-01 18:27:00,3.9,7.0,1.5,3600,1.998,0.032
1109,2025-05-01 18:28:00,3.9,7.0,1.5,3600,1.998,0.032
1110,2025-05-01 18:29:00,3.9,7.0,1.5,3600,1.998,0.032
1111,2025-05-01 18:30:00,3.9,7.0,1.5,3600,1.998,0.032
1112,2025-05-01 18:31:00,3.9,7.0,1.5,3600,1.998,0.032
1113,2025-05-01 18:32:00,3.9,7.0,1.5,3600,1.998,0.032
1114,2025-05-01 18:33:00,3.9,7.0,1.5,3600,1.998,0.032
1115,2025-05-01 18:34:00,3.9,7.0,1.5,3600,1.998,0.032
1116,2025-05-01 18:35:00,3.9,7.0,1.5,3600,1.998,0.032
1117,2025-05-01 18:36:00,3.9,7.0,1.5,3600,1.998,0.032
1118,2025-05-01 18:37:00,3.9,7.0,1.5,3600,1.998,0.032
1119,2025-05-01 18:38:00,3.9,7.0,1.5,3600,1.998,0.032
1120,2025-05-01 18:39:00,3.9,7.0,1.5,3600,1.998,0.032
1121,2025-05-01 18:40:00,3.9,7.0,1.5,3600,1.998,0.032
1122,2025-05-01 18:41:00,3.9,7.0,1.5,3600,1.998,0.032
1123,2025-05-01 18:42:00,3.9,7.0,1.5,3600,1.998,0.032
1124,2025-05-01 18:43:00,3.9,7.0,1.5,3600,1.998,0.032
1125,2025-05-01 18:44:00,3.9,7.0,1.5,3600,1.998,0.032
1126,2025-05-01 18:45:00,3.9,7.0,1.5,3600,1.998,0.032
1127,2025-05-01 18:46:00,3.9,7.0,1.5,3600,1.998,0.032
1128,2025-05-01 18:47:00,3.9,7.0,1.5,3600,1.998,0.032
1129,2025-05-01 18:48:00,3.9,7.0,1.5,3600,1.998,0.032
1130,2025-05-01 18:49:00,3.9,7.0,1.5,3600,1.998,0.032
1131,2025-05-01 18:50:00,3.9,7.0,1.5,3600,1.998,0.032
1132,2025-05-01 18:51:00,3.9,7.0,1.5,3600,1.998,0.032
1133,2025-05-01 18:52:00,3.9,7.0,1.5,3600,1.998,0.032
1134,2025-05-01 18:53:00,3.9,7.0,1.5,3600,1.998,0.032
1135,2025-05-01 18:54:00,3.9,7.0,1.5,3600,1.998,0.032
1136,2025-05-01 18:55:00,3.9,7.0,1.5,3600,1.998,0.032
1137,2025-05-01 18:56:00,3.9,7.0,1.5,3600,1.998,0.032
1138,2025-05-01 18:57:00,3.9,7.0,1.5,3600,1.998,0.032
1139,2025-05-01 18:58:00,3.9,7.0,1.5,3600,1.998,0.032
1140,2025-05-01 18:59:00,3.9,7.0,1.5,3600,1.998,0.032
1141,2025-05-01 19:00:00,3.9,7.0,1.5,3600,1.998,0.032
1142,2025-05-01 19:01:00,3.9,7.0,1.5,3600,1.998,0.032
1143,2025-05-01 19:02:00,3.9,7.0,1.5,3600,1.998,0.032
1144,2025-05-01 19:03:00,3.9,7.0,1.5,3600,1.998,0.032
1145,2025-05-01 19:04:00,3.9,7.0,1.5,3600,1.998,0.032
1146,2025-05-01 19:05:00,3.9,7.0,1.5,3600,1.998,0.032
1147,2025-05-01 19:06:00,3.9,7.0,1.5,3600,1.998,0.032
1148,2025-05-01 19:07:00,3.9,7.0,1.5,3600,1.998,0.032
1149,2025-05-01 19:08:00,3.9,7.0,1.5,3600,1.998,0.032
1150,2025-05-01 19:09:00,3.9,7.0,1.5,3600,1.998,0.032
1151,2025-05-01 19:10:00,3.9,7.0,1.5,3600,1.998,0.032
1152,2025-05-01 19:11:00,3.9,7.0,1.5,3600,1.998,0.032
1153,2025-05-01 19:12:00,3.9,7.0,1.5,3600,1.998,0.032
1154,2025-05-01 19:13:00,3.9,7.0,1.5,3600,1.998,0.032
1155,2025-05-01 19:14:00,3.9,7.0,1.5,3600,1.998,0.032
1156,2025-05-01 19:15:00,3.9,7.0,1.5,3600,1.998,0.032
1157,2025-05-01 19:16:00,3.9,7.0,1.5,3600,1.998,0.032
1158,2025-05-01 19:17:00,3.9,7.0,1.5,3600,1.998,0.032
1159,2025-05-01 19:18:00,3.9,7.0,1.5,3600,1.998,0.032
1160,2025-05-01 19:19:00,3.9,7.0,1.5,3600,1.998,0.032
1161,2025-05-01 19:20:00,3.9,7.0,1.5,3600,1.998,0.032
1162,2025-05-01 19:21:00,3.9,7.0,1.5,3600,1.998,0.032
1163,2025-05-01 19:22:00,3.9,7.0,1.5,3600,1.998,0.032
1164,2025-05-01 19:23:00,3.9,7.0,1.5,3600,1.998,0.032
1165,2025-05-01 19:24:00,3.9,7.0,1.5,3600,1.998,0.032
1166,2025-05-01 19:25:00,3.9,7.0,1.5,3600,1.998,0.032
1167,2025-05-01 19:26:00,3.9,7.0,1.5,3600,1.998,0.032
1168,2025-05-01 19:27:00,3.9,7.0,1.5,3600,1.998,0.032
1169,2025-05-01 19:28:00,3.9,7.0,1.5,3600,1.998,0.032
1170,2025-05-01 19:29:00,3.9,7.0,1.5,3600,1.998,0.032
1171,2025-05-01 19:30:00,3.9,7.0,1.5,3600,1.998,0.032
1172,2025-05-01 19:31:00,3.9,7.0,1.5,3600,1.998,0.032
1173,2025-05-01 19:32:00,3.9,7.0,1.5,3600,1.998,0.032
1174,2025-05-01 19:33:00,3.9,7.0,1.5,3600,1.998,0.032
1175,2025-05-01 19:34:00,3.9,7.0,1.5,3600,1.998,0.032
1176,2025-05-01 19:35:00,3.9,7.0,1.5,3600,1.998,0.032
1177,2025-05-01 19:36:00,3.9,7.0,1.5,3600,1.998,0.032
1178,2025-05-01 19:37:00,3.9,7.0,1.5,3600,1.998,0.032
1179,2025-05-01 19:38:00,3.9,7.0,1.5,3600,1.998,0.032
1180,2025-05-01 19:39:00,3.9,7.0,1.5,3600,1.998,0.032
1181,2025-05-01 19:40:00,3.9,7.0,1.5,3600,1.998,0.032
1182,2025-05-01 19:41:00,3.9,7.0,1.5,3600,1.998,0.032
1183,2025-05-01 19:42:00,3.9,7.0,1.5,3600,1.998,0.032
1184,2025-05-01 19:43:00,3.9,7.0,1.5,3600,1.998,0.032
1185,2025-05-01 19:44:00,3.9,7.0,1.5,3600,1.998,0.032
1186,2025-05-01 19:45:00,3.9,7.0,1.5,3600,1.998,0.032
1187,2025-05-01 19:46:00,3.9,7.0,1.5,3600,1.998,0.032
1188,2025-05-01 19:47:00,3.9,7.0,1.5,3600,1.998,0.032
1189,2025-05-01 19:48:00,3.9,7.0,1.5,3600,1.998,0.032
1190,2025-05-01 19:49:00,3.9,7.0,1.5,3600,1.998,0.032
1191,2025-05-01 19:50:00,3.9,7.0,1.5,3600,1.998,0.032
1192,2025-05-01 19:51:00,3.9,7.0,1.5,3600,1.998,0.032
1193,2025-05-01 19:52:00,3.9,7.0,1.5,3600,1.998,0.032
1194,2025-05-01 19:53:00,3.9,7.0,1.5,3600,1.998,0.032
1195,2025-05-01 19:54:00,3.9,7.0,1.5,3600,1.998,0.032
1196,2025-05-01 19:55:00,3.9,7.0,1.5,3600,1.998,0.032
1197,2025-05-01 19:56:00,3.9,7.0,1.5,3600,1.998,0.032
1198,2025-05-01 19:57:00,3.9,7.0,1.5,3600,1.998,0.032
1199,2025-05-01 19:58:00,3.9,7.0,1.5,3600,1.998,0.032
1200,2025-05-01 19:59:00,3.9,7.0,1.5,3600,1.998,0.032
1201,2025-05-01 20:00:00,3.9,7.0,1.5,3600,1.998,0.032
1202,2025-05-01 20:01:00,3.9,7.0,1.5,3600,1.998,0.032
1203,2025-05-01 20:02:00,3.9,7.0,1.5,3600,1.998,0.032
1204,2025-05-01 20:03:00,3.9,7.0,1.5,3600,1.998,0.032
1205,2025-05-01 20:04:00,3.9,7.0,1.5,3600,1.998,0.032
1206,2025-05-01 20:05:00,3.9,7.0,1.5,3600,1.998,0.032
1207,2025-05-01 20:06:00,3.9,7.0,1.5,3600,1.998,0.032
1208,2025-05-01 20:07:00,3.9,7.0,1.5,3600,1.998,0.032
1209,2025-05-01 20:08:00,3.9,7.0,1.5,3600,1.998,0.032
1210,2025-05-01 20:09:00,3.9,7.0,1.5,3600,1.998,0.032
1211,2025-05-01 20:10:00,3.9,7.0,1.5,3600,1.998,0.032
1212,2025-05-01 20:11:00,3.9,7.0,1.5,3600,1.998,0.032
1213,2025-05-01 20:12:00,3.9,7.0,1.5,3600,1.998,0.032
1214,2025-05-01 20:13:00,3.9,7.0,1.5,3600,1.998,0.032
1215,2025-05-01 20:14:00,3.9,7.0,1.5,3600,1.998,0.032
1216,2025-05-01 20:15:00,3.9,7.0,1.5,3600,1.998,0.032
1217,2025-05-01 20:16:00,3.9,7.0,1.5,3600,1.998,0.032
1218,2025-05-01 20:17:00,3.9,7.0,1.5,3600,1.998,0.032
1219,2025-05-01 20:18:00,3.9,7.0,1.5,3600,1.998,0.032
1220,2025-05-01 20:19:00,3.9,7.0,1.5,3600,1.998,0.032
1221,2025-05-01 20:20:00,3.9,7.0,1.5,3600,1.998,0.032
1222,2025-05-01 20:21:00,3.9,7.0,1.5,3600,1.998,0.032
1223,2025-05-01 20:22:00,3.9,7.0,1.5,3600,1.998,0.032
1224,2025-05-01 20:23:00,3.9,7.0,1.5,3600,1.998,0.032
1225,2025-05-01 20:24:00,3.9,7.0,1.5,3600,1.998,0.032
1226,2025-05-01 20:25:00,3.9,7.0,1.5,3600,1.998,0.032
1227,2025-05-01 20:26:00,3.9,7.0,1.5,3600,1.998,0.032
1228,2025-05-01 20:27:00,3.9,7.0,1.5,3600,1.998,0.032
1229,2025-05-01 20:28:00,3.9,7.0,1.5,3600,1.998,0.032
1230,2025-05-01 20:29:00,3.9,7.0,1.5,3600,1.998,0.032
1231,2025-05-01 20:30:00,3.9,7.0,1.5,3600,1.998,0.032
1232,2025-05-01 20:31:00,3.9,7.0,1.5,3600,1.998,0.032
1233,2025-05-01 20:32:00,3.9,7.0,1.5,3600,1.998,0.032
1234,2025-05-01 20:33:00,3.9,7.0,1.5,3600,1.998,0.032
1235,2025-05-01 20:34:00,3.9,7.0,1.5,3600,1.998,0.032
1236,2025-05-01 20:35:00,3.9,7.0,1.5,3600,1.998,0.032
1237,2025-05-01 20:36:00,3.9,7.0,1.5,3600,1.998,0.032
1238,2025-05-01 20:37:00,3.9,7.0,1.5,3600,1.998,0.032
1239,2025-05-01 20:38:00,3.9,7.0,1.5,3600,1.998,0.032
1240,2025-05-01 20:39:00,3.9,7.0,1.5,3600,1.998,0.032
1241,2025-05-01 20:40:00,3.9,7.0,1.5,3600,1.998,0.032
1242,2025-05-01 20:41:00,3.9,7.0,1.5,3600,1.998,0.032
1243,2025-05-01 20:42:00,3.9,7.0,1.5,3600,1.998,0.032
1244,2025-05-01 20:43:00,3.9,7.0,1.5,3600,1.998,0.032
1245,2025-05-01 20:44:00,3.9,7.0,1.5,3600,1.998,0.032
1246,2025-05-01 20:45:00,3.9,7.0,1.5,3600,1.998,0.032
1247,2025-05-01 20:46:00,3.9,7.0,1.5,3600,1.998,0.032
1248,2025-05-01 20:47:00,3.9,7.0,1.5,3600,1.998,0.032
1249,2025-05-01 20:48:00,3.9,7.0,1.5,3600,1.998,0.032
1250,2025-05-01 20:49:00,3.9,7.0,1.5,3600,1.998,0.032
1251,2025-05-01 20:50:00,3.9,7.0,1.5,3600,1.998,0.032
1252,2025-05-01 20:51:00,3.9,7.0,1.5,3600,1.998,0.032
1253,2025-05-01 20:52:00,3.9,7.0,1.5,3600,1.998,0.032
1254,2025-05-01 20:53:00,3.9,7.0,1.5,3600,1.998,0.032
1255,2025-05-01 20:54:00,3.9,7.0,1.5,3600,1.998,0.032
1256,2025-05-01 20:55:00,3.9,7.0,1.5,3600,1.998,0.032
1257,2025-05-01 20:56:00,3.9,7.0,1.5,3600,1.998,0.032
1258,2025-05-01 20:57:00,3.9,7.0,1.5,3600,1.998,0.032
1259,2025-05-01 20:58:00,3.9,7.0,1.5,3600,1.998,0.032
1260,2025-05-01 20:59:00,3.9,7.0,1.5,3600,1.998,0.032
1261,2025-05-01 21:00:00,3.9,7.0,1.5,3600,1.998,0.032
1262,2025-05-01 21:01:00,3.9,7.0,1.5,3600,1.998,0.032
1263,2025-05-01 21:02:00,3.9,7.0,1.5,3600,1.998,0.032
1264,2025-05-01 21:03:00,3.9,7.0,1.5,3600,1.998,0.032
1265,2025-05-01 21:04:00,3.9,7.0,1.5,3600,1.998,0.032
1266,2025-05-01 21:05:00,3.9,7.0,1.5,3600,1.998,0.032
1267,2025-05-01 21:06:00,3.9,7.0,1.5,3600,1.998,0.032
1268,2025-05-01 21:07:00,3.9,7.0,1.5,3600,1.998,0.032
1269,2025-05-01 21:08:00,3.9,7.0,1.5,3600,1.998,0.032
1270,2025-05-01 21:09:00,3.9,7.0,1.5,3600,1.998,0.032
1271,2025-05-01 21:10:00,3.9,7.0,1.5,3600,1.998,0.032
1272,2025-05-01 21:11:00,3.9,7.0,1.5,3600,1.998,0.032
1273,2025-05-01 21:12:00,3.9,7.0,1.5,3600,1.998,0.032
1274,2025-05-01 21:13:00,3.9,7.0,1.5,3600,1.998,0.032
1275,2025-05-01 21:14:00,3.9,7.0,1.5,3600,1.998,0.032
1276,2025-05-01 21:15:00,3.9,7.0,1.5,3600,1.998,0.032
1277,2025-05-01 21:16:00,3.9,7.0,1.5,3600,1.998,0.032
1278,2025-05-01 21:17:00,3.9,7.0,1.5,3600,1.998,0.032
1279,2025-05-01 21:18:00,3.9,7.0,1.5,3600,1.998,0.032
1280,2025-05-01 21:19:00,3.9,7.0,1.5,3600,1.998,0.032
1281,2025-05-01 21:20:00,3.9,7.0,1.5,3600,1.998,0.032
1282,2025-05-01 21:21:00,3.9,7.0,1.5,3600,1.998,0.032
1283,2025-05-01 21:22:00,3.9,7.0,1.5,3600,1.998,0.032
1284,2025-05-01 21:23:00,3.9,7.0,1.5,3600,1.998,0.032
1285,2025-05-01 21:24:00,3.9,7.0,1.5,3600,1.998,0.032
1286,2025-05-01 21:25:00,3.9,7.0,1.5,3600,1.998,0.032
1287,2025-05-01 21:26:00,3.9,7.0,1.5,3600,1.998,0.032
1288,2025-05-01 21:27:00,3.9,7.0,1.5,3600,1.998,0.032
1289,2025-05-01 21:28:00,3.9,7.0,1.5,3600,1.998,0.032
1290,2025-05-01 21:29:00,3.9,7.0,1.5,3600,1.998,0.032
1291,2025-05-01 21:30:00,3.9,7.0,1.5,3600,1.998,0.032
1292,2025-05-01 21:31:00,3.9,7.0,1.5,3600,1.998,0.032
1293,2025-05-01 21:32:00,3.9,7.0,1.5,3600,1.998,0.032
1294,2025-05-01 21:33:00,3.9,7.0,1.5,3600,1.998,0.032
1295,2025-05-01 21:34:00,3.9,7.0,1.5,3600,1.998,0.032
1296,2025-05-01 21:35:00,3.9,7.0,1.5,3600,1.998,0.032
1297,2025-05-01 21:36:00,3.9,7.0,1.5,3600,1.998,0.032
1298,2025-05-01 21:37:00,3.9,7.0,1.5,3600,1.998,0.032
1299,2025-05-01 21:38:00,3.9,7.0,1.5,3600,1.998,0.032
1300,2025-05-01 21:39:00,3.9,7.0,1.5,3600,1.998,0.032
1301,2025-05-01 21:40:00,3.9,7.0,1.5,3600,1.998,0.032
1302,2025-05-01 21:41:00,3.9,7.0,1.5,3600,1.998,0.032
1303,2025-05-01 21:42:00,3.9,7.0,1.5,3600,1.998,0.032
1304,2025-05-01 21:43:00,3.9,7.0,1.5,3600,1.998,0.032
1305,2025-05-01 21:44:00,3.9,7.0,1.5,3600,1.998,0.032
1306,2025-05-01 21:45:00,3.9,7.0,1.5,3600,1.998,0.032
1307,2025-05-01 21:46:00,3.9,7.0,1.5,3600,1.998,0.032
1308,2025-05-01 21:47:00,3.9,7.0,1.5,3600,1.998,0.032
1309,2025-05-01 21:48:00,3.9,7.0,1.5,3600,1.998,0.032
1310,2025-05-01 21:49:00,3.9,7.0,1.5,3600,1.998,0.032
1311,2025-05-01 21:50:00,3.9,7.0,1.5,3600,1.998,0.032
1312,2025-05-01 21:51:00,3.9,7.0,1.5,3600,1.998,0.032
1313,2025-05-01 21:52:00,3.9,7.0,1.5,3600,1.998,0.032
1314,2025-05-01 21:53:00,3.9,7.0,1.5,3600,1.998,0.032
1315,2025-05-01 21:54:00,3.9,7.0,1.5,3600,1.998,0.032
1316,2025-05-01 21:55:00,3.9,7.0,1.5,3600,1.998,0.032
1317,2025-05-01 21:56:00,3.9,7.0,1.5,3600,1.998,0.032
1318,2025-05-01 21:57:00,3.9,7.0,1.5,3600,1.998,0.032
1319,2025-05-01 21:58:00,3.9,7.0,1.5,3600,1.998,0.032
1320,2025-05-01 21:59:00,3.9,7.0,1.5,3600,1.998,0.032
1321,2025-05-01 22:00:00,3.9,7.0,1.5,3600,1.998,0.032
1322,2025-05-01 22:01:00,3.9,7.0,1.5,3600,1.998,0.032
1323,2025-05-01 22:02:00,3.9,7.0,1.5,3600,1.998,0.032
1324,2025-05-01 22:03:00,3.9,7.0,1.5,3600,1.998,0.032
1325,2025-05-01 22:04:00,3.9,7.0,1.5,3600,1.998,0.032
1326,2025-05-01 22:05:00,3.9,7.0,1.5,3600,1.998,0.032
1327,2025-05-01 22:06:00,3.9,7.0,1.5,3600,1.998,0.032
1328,2025-05-01 22:07:00,3.9,7.0,1.5,3600,1.998,0.032
1329,2025-05-01 22:08:00,3.9,7.0,1.5,3600,1.998,0.032
1330,2025-05-01 22:09:00,3.9,7.0,1.5,3600,1.998,0.032
1331,2025-05-01 22:10:00,3.9,7.0,1.5,3600,1.998,0.032
1332,2025-05-01 22:11:00,3.9,7.0,1.5,3600,1.998,0.032
1333,2025-05-01 22:12:00,3.9,7.0,1.5,3600,1.998,0.032
1334,2025-05-01 22:13:00,3.9,7.0,1.5,3600,1.998,0.032
1335,2025-05-01 22:14:00,3.9,7.0,1.5,3600,1.998,0.032
1336,2025-05-01 22:15:00,3.9,7.0,1.5,3600,1.998,0.032
1337,2025-05-01 22:16:00,3.9,7.0,1.5,3600,1.998,0.032
1338,2025-05-01 22:17:00,3.9,7.0,1.5,3600,1.998,0.032
1339,2025-05-01 22:18:00,3.9,7.0,1.5,3600,1.998,0.032
1340,2025-05-01 22:19:00,3.9,7.0,1.5,3600,1.998,0.032
1341,2025-05-01 22:20:00,3.9,7.0,1.5,3600,1.998,0.032
1342,2025-05-01 22:21:00,3.9,7.0,1.5,3600,1.998,0.032
1343,2025-05-01 22:22:00,3.9,7.0,1.5,3600,1.998,0.032
1344,2025-05-01 22:23:00,3.9,7.0,1.5,3600,1.998,0.032
1345,2025-05-01 22:24:00,3.9,7.0,1.5,3600,1.998,0.032
1346,2025-05-01 22:25:00,3.9,7.0,1.5,3600,1.998,0.032
1347,2025-05-01 22:26:00,3.9,7.0,1.5,3600,1.998,0.032
1348,2025-05-01 22:27:00,3.9,7.0,1.5,3600,1.998,0.032
1349,2025-05-01 22:28:00,3.9,7.0,1.5,3600,1.998,0.032
1350,2025-05-01 22:29:00,3.9,7.0,1.5,3600,1.998,0.032
1351,2025-05-01 22:30:00,3.9,7.0,1.5,3600,1.998,0.032
1352,2025-05-01 22:31:00,3.9,7.0,1.5,3600,1.998,0.032
1353,2025-05-01 22:32:00,3.9,7.0,1.5,3600,1.998,0.032
1354,2025-05-01 22:33:00,3.9,7.0,1.5,3600,1.998,0.032
1355,2025-05-01 22:34:00,3.9,7.0,1.5,3600,1.998,0.032
1356,2025-05-01 22:35:00,3.9,7.0,1.5,3600,1.998,0.032
1357,2025-05-01 22:36:00,3.9,7.0,1.5,3600,1.998,0.032
1358,2025-05-01 22:37:00,3.9,7.0,1.5,3600,1.998,0.032
1359,2025-05-01 22:38:00,3.9,7.0,1.5,3600,1.998,0.032
1360,2025-05-01 22:39:00,3.9,7.0,1.5,3600,1.998,0.032
1361,2025-05-01 22:40:00,3.9,7.0,1.5,3600,1.998,0.032
1362,2025-05-01 22:41:00,3.9,7.0,1.5,3600,1.998,0.032
1363,2025-05-01 22:42:00,3.9,7.0,1.5,3600,1.998,0.032
1364,2025-05-01 22:43:00,3.9,7.0,1.5,3600,1.998,0.032
1365,2025-05-01 22:44:00,3.9,7.0,1.5,3600,1.998,0.032
1366,2025-05-01 22:45:00,3.9,7.0,1.5,3600,1.998,0.032
1367,2025-05-01 22:46:00,3.9,7.0,1.5,3600,1.998,0.032
1368,2025-05-01 22:47:00,3.9,7.0,1.5,3600,1.998,0.032
1369,2025-05-01 22:48:00,3.9,7.0,1.5,3600,1.998,0.032
1370,2025-05-01 22:49:00,3.9,7.0,1.5,3600,1.998,0.032
1371,2025-05-01 22:50:00,3.9,7.0,1.5,3600,1.998,0.032
1372,2025-05-01 22:51:00,3.9,7.0,1.5,3600,1.998,0.032
1373,2025-05-01 22:52:00,3.9,7.0,1.5,3600,1.998,0.032
1374,2025-05-01 22:53:00,3.9,7.0,1.5,3600,1.998,0.032
1375,2025-05-01 22:54:00,3.9,7.0,1.5,3600,1.998,0.032
1376,2025-05-01 22:55:00,3.9,7.0,1.5,3600,1.998,0.032
1377,2025-05-01 22:56:00,3.9,7.0,1.5,3600,1.998,0.032
1378,2025-05-01 22:57:00,3.9,7.0,1.5,3600,1.998,0.032
1379,2025-05-01 22:58:00,3.9,7.0,1.5,3600,1.998,0.032
1380,2025-05-01 22:59:00,3.9,7.0,1.5,3600,1.998,0.032
1381,2025-05-01 23:00:00,3.9,7.0,1.5,3600,1.998,0.032
1382,2025-05-01 23:01:00,3.9,7.0,1.5,3600,1.998,0.032
1383,2025-05-01 23:02:00,3.9,7.0,1.5,3600,1.998,0.032
1384,2025-05-01 23:03:00,3.9,7.0,1.5,3600,1.998,0.032
1385,2025-05-01 23:04:00,3.9,7.0,1.5,3600,1.998,0.032
1386,2025-05-01 23:05:00,3.9,7.0,1.5,3600,1.998,0.032
1387,2025-05-01 23:06:00,3.9,7.0,1.5,3600,1.998,0.032
1388,2025-05-01 23:07:00,3.9,7.0,1.5,3600,1.998,0.032
1389,2025-05-01 23:08:00,3.9,7.0,1.5,3600,1.998,0.032
1390,2025-05-01 23:09:00,3.9,7.0,1.5,3600,1.998,0.032
1391,2025-05-01 23:10:00,3.9,7.0,1.5,3600,1.998,0.032
1392,2025-05-01 23:11:00,3.9,7.0,1.5,3600,1.998,0.032
1393,2025-05-01 23:12:00,3.9,7.0,1.5,3600,1.998,0.032
1394,2025-05-01 23:13:00,3.9,7.0,1.5,3600,1.998,0.032
1395,2025-05-01 23:14:00,3.9,7.0,1.5,3600,1.998,0.032
1396,2025-05-01 23:15:00,3.9,7.0,1.5,3600,1.998,0.032
1397,2025-05-01 23:16:00,3.9,7.0,1.5,3600,1.998,0.032
1398,2025-05-01 23:17:00,3.9,7.0,1.5,3600,1.998,0.032
1399,2025-05-01 23:18:00,3.9,7.0,1.5,3600,1.998,0.032
1400,2025-05-01 23:19:00,3.9,7.0,1.5,3600,1.998,0.032
1401,2025-05-01 23:20:00,3.9,7.0,1.5,3600,1.998,0.032
1402,2025-05-01 23:21:00,3.9,7.0,1.5,3600,1.998,0.032
1403,2025-05-01 23:22:00,3.9,7.0,1.5,3600,1.998,0.032
1404,2025-05-01 23:23:00,3.9,7.0,1.5,3600,1.998,0.032
1405,2025-05-01 23:24:00,3.9,7.0,1.5,3600,1.998,0.032
1406,2025-05-01 23:25:00,3.9,7.0,1.5,3600,1.998,0.032
1407,2025-05-01 23:26:00,3.9,7.0,1.5,3600,1.998,0.032
1408,2025-05-01 23:27:00,3.9,7.0,1.5,3600,1.998,0.032
1409,2025-05-01 23:28:00,3.9,7.0,1.5,3600,1.998,0.032
1410,2025-05-01 23:29:00,3.9,7.0,1.5,3600,1.998,0.032
1411,2025-05-01 23:30:00,3.9,7.0,1.5,3600,1.998,0.032
1412,2025-05-01 23:31:00,3.9,7.0,1.5,3600,1.998,0.032
1413,2025-05-01 23:32:00,3.9,7.0,1.5,3600,1.998,0.032
1414,2025-05-01 23:33:00,3.9,7.0,1.5,3600,1.998,0.032
1415,2025-05-01 23:34:00,3.9,7.0,1.5,3600,1.998,0.032
1416,2025-05-01 23:35:00,3.9,7.0,1.5,3600,1.998,0.032
1417,2025-05-01 23:36:00,3.9,7.0,1.5,3600,1.998,0.032
1418,2025-05-01 23:37:00,3.9,7.0,1.5,3600,1.998,0.032
1419,2025-05-01 23:38:00,3.9,7.0,1.5,3600,1.998,0.032
1420,2025-05-01 23:39:00,3.9,7.0,1.5,3600,1.998,0.032
1421,2025-05-01 23:40:00,3.9,7.0,1.5,3600,1.998,0.032
1422,2025-05-01 23:41:00,3.9,7.0,1.5,3600,1.998,0.032
1423,2025-05-01 23:42:00,3.9,7.0,1.5,3600,1.998,0.032
1424,2025-05-01 23:43:00,3.9,7.0,1.5,3600,1.998,0.032
1425,2025-05-01 23:44:00,3.9,7.0,1.5,3600,1.998,0.032
1426,2025-05-01 23:45:00,3.9,7.0,1.5,3600,1.998,0.032
1427,2025-05-01 23:46:00,3.9,7.0,1.5,3600,1.998,0.032
1428,2025-05-01 23:47:00,3.9,7.0,1.5,3600,1.998,0.032
1429,2025-05-01 23:48:00,3.9,7.0,1.5,3600,1.998,0.032
1430,2025-05-01 23:49:00,3.9,7.0,1.5,3600,1.998,0.032
1431,2025-05-01 23:50:00,3.9,7.0,1.5,3600,1.998,0.032
1432,2025-05-01 23:51:00,3.9,7.0,1.5,3600,1.998,0.032
1433,2025-05-01 23:52:00,3.9,7.0,1.5,3600,1.998,0.032
1434,2025-05-01 23:53:00,3.9,7.0,1.5,3600,1.998,0.032
1435,2025-05-01 23:54:00,3.9,7.0,1.5,3600,1.998,0.032
1436,2025-05-01 23:55:00,3.9,7.0,1.5,3600,1.998,0.032
1437,2025-05-01 23:56:00,3.9,7.0,1.5,3600,1.998,0.032
1438,2025-05-01 23:57:00,3.9,7.0,1.5,3600,1.998,0.032
1439,2025-05-01 23:58:00,3.9,7.0,1.5,3600,1.998,0.032
1440,2025-05-01 23:59:00,3.9,7.0,1.5,3600,1.998,0.032
